tree
version=v4
num_class=1
num_tree_per_iteration=1
label_index=0
max_feature_idx=27
objective=binary sigmoid:1
feature_names=rsi_window_5 rsi_window_14 mfi_21 obv volume_threshold_ma_10 volume_threshold_ma_20 efi_zscore_10 efi_zscore_20 ema_10_distance ema_20_distance ema_50_distance ema_200_distance kf_distance zscore_kf_10 zscore_kf_20 vwap_distance_highest vwap_distance_lowest mrs_10 mrs_20 rs_10 rs_20 msr_rank_10 msr_rank_20 zscore_10_log_return zscore_20_log_return yz_vol_10 yz_vol_20 dc_tmv
feature_infos=[-4.0912641563327474:2.6472669434107385] [-5.0058411164886403:4.6243520753129559] [-3.1364369718205403:3.2283254082568376] [-0.27358269370891053:22.883774573977579] [-7.8511983926334468:0.93677616348700488] [-7.7882988524898655:1.1635684602046468] [-1.0403220812694998:58.39702922154693] [-3.2063784410989018:43.790897179027674] [-4.9254728872450109:7.8699216258847802] [-5.9050824139564213:5.6488891705938018] [-5.9481173580002329:6.3699480899911274] [-5.4572192739874703:5.7061458849831856] [-5.9076989295715565:5.6501629250317453] [-2.8362558512433043:8.3479402726399226] [-2.8238023771075933:8.4992215128159838] [-6.6975662501536384:3.0891129629696739] [-5.2424405642572554:7.1887996205335485] [-3.6445508377819884:8.9240835103988587] [-5.0902361326318459:9.3652304597082896] [-3.6693257724423005:13.505870862784352] [-4.8394726470336433:11.83377772364469] [-2.8290104544157404:1.3940858037499531] [-1.8373247308010394:1.7058601108539748] [-4.9113223377137016:16.67607881704372] [-4.3905869717230743:9.8086080924771331] [-1.8894419945934484:11.717605256085081] [-2.0326532744968748:10.349225451676508] [-37.140486051109605:32.921917844932828]
tree_sizes=986 904 911 1014 1018 912 914 1015 1015 914 1022 1017 1014 914 1018 1015 916 1018 1019 1011 1012 1016 913 1021 1015 1012 1013 919 1016 919 914 917 918 1008 916 916 911 1027 918 1016 918 916 1018 1026 915 916 1013 1025 915 908 918 1029 917 1022 917 1013 1024 918 916 918 1028 1012 917 696 916 1024 1027 1016 1024 918 1027 1027 917 1020 1028 1026 912 1014 1025 918 913 1024 1028 1020 916 1024 916 1024 696 1017 912 1020 1016 917 1022 1017 697 1018 920 1024 917 912 910 921 1023 698 917 915 909 1018 917 908 915 1021 911 913 1029 694 913 1026 914 1025 914 912 1024 913 1024 915 1025 918 915 1024 589 908 1023 916 1029 907 1019 1024 910 916 904 912 914 1027 919 1026 919 1026 913 919 912 922 1022 909 918 916 1028 915 912 917 698 920 907 914 1027 1026 1020 921 1013 697 911 918 1022 911 911 918 912 919 590 913 918 1026 912 911 1019 1022 915 1026 912 1024 921 913 914 913 1023 1024 915 913

Tree=0
num_leaves=8
num_cat=0
split_feature=11 3 26 19 13 5 1
split_gain=54.5362 48.4436 44.4659 19.2586 23.3833 9.43841 7.11458
threshold=-1.569887733094945 -0.15721296692281708 -0.062252210680540217 -0.37551404239761205 -0.75716611850506121 -0.33223455294099713 -0.77525781971029861
decision_type=2 2 2 2 2 2 2
left_child=3 5 -3 4 -1 -2 -5
right_child=1 2 -4 6 -6 -7 -8
leaf_value=-0.40116238465046505 -0.4122862772868458 -0.40526747435278054 -0.40141284532951893 -0.40623835013434839 -0.38846458232606501 -0.40740754288533121 -0.39783333182260877
leaf_weight=27.48407519608736 54.743570238351822 833.83790396619588 591.70351754873991 24.930555000901222 43.037628263235092 282.63604444172233 21.858572959899902
leaf_count=108 230 3683 2606 95 146 1203 80
internal_value=-0.404062 -0.404535 -0.403668 -0.396962 -0.393413 -0.408199 -0.402312
internal_weight=1880.23 1762.92 1425.54 117.311 70.5217 337.38 46.7891
internal_count=8151 7722 6289 429 254 1433 175
is_linear=0
shrinkage=1


Tree=1
num_leaves=7
num_cat=0
split_feature=11 3 25 19 13 5
split_gain=53.2988 47.4477 43.7629 18.8167 25.1233 9.26603
threshold=-1.569887733094945 -0.15721296692281708 0.45329842355171307 -0.25594115595980105 -0.76986590819164402 -0.33223455294099713
decision_type=2 2 2 2 2 2
left_child=3 5 -3 4 -1 -2
right_child=1 2 -4 -5 -6 -7
leaf_value=0.0012406842620450869 -0.0081490739100813 -0.00065214176925343945 0.003795345778996621 0.0012277653396301565 0.014496344706560388 -0.0033114814495487071
leaf_weight=24.423773311078548 54.653018105775118 1091.4272475456819 334.22517290711403 41.848445251584053 51.202051721513271 282.44688868429512
leaf_count=97 230 4868 1421 155 177 1203
internal_value=-1.14201e-08 -0.000467427 0.00039051 0.00701373 0.0102154 -0.0040958
internal_weight=1880.23 1762.75 1425.65 117.474 75.6258 337.1
internal_count=8151 7722 6289 429 274 1433
is_linear=0
shrinkage=0.010754


Tree=2
num_leaves=7
num_cat=0
split_feature=11 3 26 19 13 5
split_gain=52.0925 46.4724 42.8803 18.3493 24.4647 9.09718
threshold=-1.569887733094945 -0.15721296692281708 -0.062252210680540217 -0.25594115595980105 -0.76986590819164402 -0.33223455294099713
decision_type=2 2 2 2 2 2
left_child=3 5 -3 4 -1 -2
right_child=1 2 -4 -5 -6 -7
leaf_value=0.0012270391869229874 -0.0080750046620232021 -0.0011857540346756484 0.0025988285593307363 0.0012142649890371812 0.014300933128120075 -0.0032780705406783772
leaf_weight=24.429768040776253 54.561693580821157 833.53054097015411 592.22998866438866 41.858625739812851 51.34276407212019 282.25827351864427
leaf_count=97 230 3683 2606 155 177 1203
internal_value=-2.40873e-08 -0.000462453 0.000386277 0.00692896 0.0100858 -0.00405514
internal_weight=1880.21 1762.58 1425.76 117.631 75.7725 336.82
internal_count=8151 7722 6289 429 274 1433
is_linear=0
shrinkage=0.010754


Tree=3
num_leaves=8
num_cat=0
split_feature=11 3 25 19 13 5 1
split_gain=50.9164 45.5172 42.1805 17.9023 21.7146 8.93178 6.94577
threshold=-1.569887733094945 -0.15721296692281708 0.45329842355171307 -0.37551404239761205 -0.75716611850506121 -0.33223455294099713 -0.77525781971029861
decision_type=2 2 2 2 2 2 2
left_child=3 5 -3 4 -1 -2 -5
right_child=1 2 -4 6 -6 -7 -8
leaf_value=0.0027832403577044357 -0.0080017385107209599 -0.00064219771845665447 0.0037221477922991732 -0.002194724554546286 0.014992182736604564 -0.0032449916623315776 0.0061048017488667264
leaf_weight=27.539265394210815 54.469642128795385 1091.2211920162663 334.64377810060978 24.939297690987587 43.399563655257225 282.0702242217958 21.903061792254448
leaf_count=108 230 4868 1421 95 146 1203 80
internal_value=-3.61457e-08 -0.000457533 0.000382091 0.00684562 0.0102526 -0.00401489 0.00168597
internal_weight=1880.19 1762.4 1425.86 117.781 70.9388 336.54 46.8424
internal_count=8151 7722 6289 429 254 1433 175
is_linear=0
shrinkage=0.010754


Tree=4
num_leaves=8
num_cat=0
split_feature=25 3 20 16 19 3 7
split_gain=50.1054 52.7838 45.8382 24.9744 22.4527 15.2567 9.76013
threshold=-0.040911749304631782 -0.15683708264605609 1.7933685877772831 0.3557102266373916 0.24633489302168907 -0.031377021307477208 -0.23840442153909824
decision_type=2 2 2 2 2 2 2
left_child=3 4 -3 5 -2 -1 -5
right_child=1 2 -4 6 -6 -7 -8
leaf_value=-0.0017878998404950459 0.00023841092240633284 0.0042808856750343053 -0.0054960190128130713 -0.0024073459639133402 -0.00759384679079886 -0.0058722997931071634 0.0029908405402316414
leaf_weight=714.93958897795528 92.458668159320951 594.53726709634066 61.163617517799139 50.697423882782459 78.069838710129261 124.13147480040789 164.1529442332685
leaf_count=3079 411 2571 228 226 303 568 765
internal_value=-4.79535e-08 0.00198272 0.00336889 -0.00155445 -0.00334726 -0.00239215 0.00171703
internal_weight=1880.15 826.229 655.701 1053.92 170.529 839.071 214.85
internal_count=8151 3513 2799 4638 714 3647 991
is_linear=0
shrinkage=0.010754


Tree=5
num_leaves=7
num_cat=0
split_feature=11 3 25 19 13 5
split_gain=49.4665 43.9864 40.5813 17.4282 23.2703 8.76272
threshold=-1.569887733094945 -0.15721296692281708 0.45329842355171307 -0.25594115595980105 -0.76986590819164402 -0.33223455294099713
decision_type=2 2 2 2 2 2
left_child=3 5 -3 4 -1 -2
right_child=1 2 -4 -5 -6 -7
leaf_value=0.0011679685778249206 -0.0079050482748194515 -0.00063190057046066538 0.0036469416700168076 0.0011713803091295521 0.013903239568511982 -0.0031885823655816033
leaf_weight=24.455465719103813 54.345415733754635 1091.0042650029063 335.06765751540661 41.890176638960838 51.617486163973808 281.74600586574525
leaf_count=97 230 4868 1421 155 177 1203
internal_value=-6.20647e-08 -0.000451384 0.000373447 0.00674186 0.00980924 -0.00395124
internal_weight=1880.13 1762.16 1426.07 117.963 76.073 336.091
internal_count=8151 7722 6289 429 274 1433
is_linear=0
shrinkage=0.010754


Tree=6
num_leaves=7
num_cat=0
split_feature=11 3 26 19 13 5
split_gain=48.3554 43.0823 39.9127 17.0044 22.6775 8.60409
threshold=-1.569887733094945 -0.15721296692281708 -0.062252210680540217 -0.25594115595980105 -0.76986590819164402 -0.33223455294099713
decision_type=2 2 2 2 2 2
left_child=3 5 -3 4 -1 -2
right_child=1 2 -4 -5 -6 -7
leaf_value=0.0011551442088827738 -0.0078335988679532897 -0.0011488513739896177 0.0025011689877463567 0.0011585162116050189 0.013721474607355557 -0.0031563914673444398
leaf_weight=24.461026087403297 54.251837201416492 832.94089385122061 593.22623161971569 41.899778641760349 51.738139621913433 281.55962894018739
leaf_count=97 230 3683 2606 155 177 1203
internal_value=-7.26781e-08 -0.000446583 0.000369403 0.00666161 0.00968755 -0.00391203
internal_weight=1880.08 1761.98 1426.17 118.099 76.1992 335.811
internal_count=8151 7722 6289 429 274 1433
is_linear=0
shrinkage=0.010754


Tree=7
num_leaves=8
num_cat=0
split_feature=25 3 20 16 19 3 7
split_gain=47.4611 49.9717 44.7914 24.3464 21.8462 15.0534 9.55651
threshold=-0.040911749304631782 -0.15683708264605609 1.7933685877772831 0.3557102266373916 0.24633489302168907 -0.031377021307477208 -0.24381942509721852
decision_type=2 2 2 2 2 2 2
left_child=3 4 -3 5 -2 -1 -5
right_child=1 2 -4 6 -6 -7 -8
leaf_value=-0.0017417385738264261 0.00027165760655668505 0.004173987064501416 -0.0054904020939981792 -0.0025681165744621051 -0.0074619048165621904 -0.0058017004361619676 0.0029163358834831858
leaf_weight=714.27743025962263 92.38510231487453 595.56754788011312 61.156081277877092 47.042771048843861 77.83177837729454 123.94596526026726 167.8125829808414
leaf_count=3079 411 2571 228 209 303 568 782
internal_value=-8.28907e-08 0.00192812 0.003274 -0.00151423 -0.0032645 -0.00234208 0.00171549
internal_weight=1880.02 826.941 656.724 1053.08 170.217 838.223 214.855
internal_count=8151 3513 2799 4638 714 3647 991
is_linear=0
shrinkage=0.010754


Tree=8
num_leaves=8
num_cat=0
split_feature=11 3 25 26 19 9 5
split_gain=46.984 41.6327 38.4853 16.6253 13.8823 11.8589 8.44233
threshold=-1.569887733094945 -0.15721296692281708 0.45329842355171307 0.63226307088696654 -0.25594115595980105 -0.77334919058129092 -0.33223455294099713
decision_type=2 2 2 2 2 2 2
left_child=3 6 -3 5 -5 -1 -2
right_child=1 2 -4 4 -6 -7 -8
leaf_value=-0.0040586122764452561 -0.0077394114329917057 -0.0006188610510194511 0.0035454765847240076 0.013225948789613031 0.0029897308380490524 0.0066333091044085361 -0.0031014226844060782
leaf_weight=22.245458401739597 54.125615768134594 1090.7191664772108 335.62932931259274 47.314628124237061 22.662477910518646 26.041048392653465 281.23695412278175
leaf_count=85 230 4868 1421 160 86 98 1203
internal_value=-9.60449e-08 -0.000440581 0.000361033 0.00656155 0.00991095 0.00170749 -0.00384998
internal_weight=1879.97 1761.71 1426.35 118.264 69.9771 48.2865 335.363
internal_count=8151 7722 6289 429 246 183 1433
is_linear=0
shrinkage=0.010754


Tree=9
num_leaves=7
num_cat=0
split_feature=11 3 26 19 13 5
split_gain=45.9315 40.7771 37.6834 16.2809 21.8853 8.29008
threshold=-1.569887733094945 -0.15721296692281708 -0.062252210680540217 -0.25594115595980105 -0.76986590819164402 -0.33223455294099713
decision_type=2 2 2 2 2 2
left_child=3 5 -3 4 -1 -2
right_child=1 2 -4 -5 -6 -7
leaf_value=0.0010593252352761998 -0.0076696986563759596 -0.0011193322228205626 0.0024264103406962962 0.0010996913461604413 0.013389292796061865 -0.0030700952533935502
leaf_weight=24.501289255917072 54.030737226828933 832.46228484995663 593.97272143140435 41.942496366798878 51.948347859084606 281.05241917539388
leaf_count=97 230 3683 2606 155 177 1203
internal_value=-1.05974e-07 -0.000435898 0.000357125 0.00648386 0.00943772 -0.00381177
internal_weight=1879.91 1761.52 1426.44 118.392 76.4496 335.083
internal_count=8151 7722 6289 429 274 1433
is_linear=0
shrinkage=0.010754


Tree=10
num_leaves=8
num_cat=0
split_feature=25 20 3 19 16 3 7
split_gain=44.9263 48.2535 35.2149 25.3239 23.7284 14.8527 9.35863
threshold=-0.040911749304631782 0.86446498592356102 -0.15683708264605609 1.1956194958778668 0.3557102266373916 -0.031377021307477208 -0.23840442153909824
decision_type=2 2 2 2 2 2 2
left_child=4 2 -2 -3 5 -1 -6
right_child=1 3 -4 -5 6 -7 -8
leaf_value=-0.0016960989118416946 -0.0019058673759576904 0.0011245969707053714 0.0045386816633479011 -0.0066639224703326184 -0.0023292235301779094 -0.0057317689630037062 0.0029595576405709997
leaf_weight=713.61388306412846 121.21872108057141 95.048289179801941 513.21276547759771 98.117664199322462 50.618913277983665 123.75916530936956 164.24216436967254
leaf_count=3079 524 434 2195 360 226 568 765
internal_value=-1.15019e-07 0.00187449 0.00330734 -0.00283152 -0.00147452 -0.00229255 0.00171356
internal_weight=1879.83 827.597 634.431 193.166 1052.23 837.373 214.861
internal_count=8151 3513 2719 794 4638 3647 991
is_linear=0
shrinkage=0.010754


Tree=11
num_leaves=8
num_cat=0
split_feature=11 3 25 26 19 9 23
split_gain=44.6294 39.5134 36.5179 16.0127 13.185 11.5831 8.24296
threshold=-1.569887733094945 -0.15721296692281708 0.45329842355171307 0.63226307088696654 -0.25594115595980105 -0.77334919058129092 -0.91494448099518888
decision_type=2 2 2 2 2 2 2
left_child=3 6 -3 5 -5 -1 -2
right_child=1 2 -4 4 -6 -7 -8
leaf_value=-0.0040764791584369502 -0.0090311092844410409 -0.00060515980739804878 0.0034490591046903805 0.012887900562802661 0.0029224686660789014 0.0064847515143278672 -0.0032156757142257279
leaf_weight=22.249395340681076 31.074011474847794 1090.4120559217408 336.1523127630353 47.508579716086388 22.688198909163475 26.095766454935074 303.59469420462847
leaf_count=85 127 4868 1421 160 86 98 1306
internal_value=-1.26858e-07 -0.000430019 0.000350164 0.00638694 0.00966704 0.00162418 -0.00375565
internal_weight=1879.78 1761.23 1426.56 118.542 70.1968 48.3452 334.669
internal_count=8151 7722 6289 429 246 183 1433
is_linear=0
shrinkage=0.010754


Tree=12
num_leaves=8
num_cat=0
split_feature=11 3 25 26 19 9 5
split_gain=43.6341 38.7009 35.7157 15.6276 12.8558 11.3276 8.15097
threshold=-1.569887733094945 -0.15721296692281708 0.45329842355171307 0.63226307088696654 -0.25594115595980105 -0.77334919058129092 -0.33223455294099713
decision_type=2 2 2 2 2 2 2
left_child=3 6 -3 5 -5 -1 -2
right_child=1 2 -4 4 -6 -7 -8
leaf_value=-0.0040356904572357369 -0.007550041410670557 -0.00059872536279862278 0.0034098073937136354 0.012724714963838478 0.0028894158967544608 0.0064078382898318529 -0.0029825983527769851
leaf_weight=22.232669785618782 53.864178137853742 1090.2789575355127 336.36413703113794 47.599879428744316 22.700884982943535 26.124831467866898 280.52991304174066
leaf_count=85 230 4868 1421 160 86 98 1203
internal_value=-1.35581e-07 -0.000425448 0.000346376 0.006312 0.00954885 0.00160628 -0.00371833
internal_weight=1879.7 1761.04 1426.64 118.658 70.3008 48.3575 334.394
internal_count=8151 7722 6289 429 246 183 1433
is_linear=0
shrinkage=0.010754


Tree=13
num_leaves=7
num_cat=0
split_feature=11 3 26 19 13 23
split_gain=42.663 37.9054 35.1207 15.3969 20.9678 8.10902
threshold=-1.569887733094945 -0.15721296692281708 -0.062252210680540217 -0.25594115595980105 -0.76986590819164402 -0.91494448099518888
decision_type=2 2 2 2 2 2
left_child=3 5 -3 4 -1 -2
right_child=1 2 -4 -5 -6 -7
leaf_value=0.00090853027115539323 -0.0089213571946851929 -0.0010841248427677255 0.0023379801380595407 0.0010042654190984943 0.012958194512720293 -0.0031457384035103275
leaf_weight=24.560097932815552 30.988510519266129 831.88552012946457 594.83336413651705 42.010182410478592 52.198466390371323 303.12775783799589
leaf_count=97 127 3683 2606 155 177 1306
internal_value=-1.43937e-07 -0.000420927 0.00034263 0.00623825 0.00910277 -0.00368143
internal_weight=1879.6 1760.84 1426.72 118.769 76.7586 334.116
internal_count=8151 7722 6289 429 274 1433
is_linear=0
shrinkage=0.010754


Tree=14
num_leaves=8
num_cat=0
split_feature=25 20 4 19 16 3 7
split_gain=41.7878 46.679 33.8339 24.7317 23.0803 14.7104 9.15474
threshold=-0.040911749304631782 0.86446498592356102 -0.41448025474624633 1.1956194958778668 0.3557102266373916 -0.031377021307477208 -0.23840442153909824
decision_type=2 2 2 2 2 2 2
left_child=4 2 -2 -3 5 -1 -6
right_child=1 3 -4 -5 6 -7 -8
leaf_value=-0.0016374823935939107 -0.0066879902874738897 0.0010825978190999207 0.0038357006378608696 -0.0066153672204532993 -0.0022805555158169773 -0.005656947139504021 0.0029521886839998421
leaf_weight=712.74516392033547 37.550706373527646 95.107933573424816 597.71372272446752 98.00003419816494 50.569115847349167 123.55597621202469 164.26206361874938
leaf_count=3079 162 434 2557 360 226 568 765
internal_value=-1.51527e-07 0.00180615 0.00321364 -0.00282401 -0.00142366 -0.00223133 0.00172043
internal_weight=1879.5 828.372 635.264 193.108 1051.13 836.301 214.831
internal_count=8151 3513 2719 794 4638 3647 991
is_linear=0
shrinkage=0.010754


Tree=15
num_leaves=8
num_cat=0
split_feature=11 3 25 26 19 9 23
split_gain=41.3814 36.9572 34.0013 15.0771 12.2211 11.0724 7.95927
threshold=-1.569887733094945 -0.15721296692281708 0.45329842355171307 0.63226307088696654 -0.25594115595980105 -0.77334919058129092 -0.91494448099518888
decision_type=2 2 2 2 2 2 2
left_child=3 6 -3 5 -5 -1 -2
right_child=1 2 -4 4 -6 -7 -8
leaf_value=-0.0040602515765125208 -0.008833833891621571 -0.00058411541472965531 0.0033251881757419555 0.012402071134823927 0.002821646145701958 0.0062595227263310725 -0.0031056797975246419
leaf_weight=22.239071533083916 30.918511539697647 1089.9456814071164 336.80999707430601 47.766698256134987 22.726302735507488 26.176423445343971 302.85495154093951
leaf_count=85 127 4868 1421 160 86 98 1306
internal_value=-1.62647e-07 -0.000414876 0.00033874 0.00613994 0.00931349 0.00151918 -0.00363631
internal_weight=1879.44 1760.53 1426.76 118.908 70.493 48.4155 333.773
internal_count=8151 7722 6289 429 246 183 1433
is_linear=0
shrinkage=0.010754


Tree=16
num_leaves=7
num_cat=0
split_feature=11 3 26 19 13 5
split_gain=40.4643 36.1971 33.3088 14.7706 20.2664 7.93107
threshold=-1.569887733094945 -0.15721296692281708 -0.062252210680540217 -0.25594115595980105 -0.76986590819164402 -0.33223455294099713
decision_type=2 2 2 2 2 2
left_child=3 5 -3 4 -1 -2
right_child=1 2 -4 -5 -6 -7
leaf_value=0.00081676375465027378 -0.0073885932956537148 -0.0010554146228464762 0.0022766911018856895 0.00094352878346106101 0.012651719920533473 -0.0028741621061448112
leaf_weight=24.593887038528919 53.632273206487298 831.40805970039219 595.41734109818935 42.052331529557705 52.361281141638756 279.86825532466173
leaf_count=97 230 3683 2606 155 177 1203
internal_value=-1.69967e-07 -0.000410468 0.000335078 0.0060688 0.00886947 -0.00360017
internal_weight=1879.33 1760.33 1426.83 119.007 76.9552 333.501
internal_count=8151 7722 6289 429 274 1433
is_linear=0
shrinkage=0.010754


Tree=17
num_leaves=8
num_cat=0
split_feature=11 3 25 26 19 9 23
split_gain=39.5703 35.453 32.7801 14.6468 11.6698 10.8067 7.83093
threshold=-1.569887733094945 -0.15721296692281708 0.45329842355171307 0.63226307088696654 -0.25594115595980105 -0.77334919058129092 -0.91494448099518888
decision_type=2 2 2 2 2 2 2
left_child=3 6 -3 5 -5 -1 -2
right_child=1 2 -4 4 -6 -7 -8
leaf_value=-0.0040685451712478126 -0.0087274434299383884 -0.00057516010663911043 0.0032619330537359045 0.012134793860775617 0.0027791859129318057 0.0061225324569659676 -0.0030379914005136633
leaf_weight=22.239137783646584 30.831534720957279 1089.7496368661523 337.14244370907545 47.894126899540424 22.742289111018181 26.222386315464973 302.39322981983423
leaf_count=85 127 4868 1421 160 86 98 1306
internal_value=-1.76702e-07 -0.000406108 0.000331456 0.00599894 0.00912269 0.00144573 -0.00356442
internal_weight=1879.21 1760.12 1426.89 119.098 70.6364 48.4615 333.225
internal_count=8151 7722 6289 429 246 183 1433
is_linear=0
shrinkage=0.010754


Tree=18
num_leaves=8
num_cat=0
split_feature=25 20 4 19 16 3 7
split_gain=38.8673 45.1716 32.4809 24.1564 22.4521 14.5651 8.95657
threshold=-0.040911749304631782 0.86446498592356102 -0.41448025474624633 1.1956194958778668 0.3557102266373916 -0.031377021307477208 -0.24381942509721852
decision_type=2 2 2 2 2 2 2
left_child=4 2 -2 -3 5 -1 -6
right_child=1 3 -4 -5 6 -7 -8
leaf_value=-0.0015807889215433289 -0.0065922879638858735 0.0010421070325770914 0.0037312683983506162 -0.0065670330400544891 -0.0024280312514051421 -0.0055835153893565989 0.0028871065836075347
leaf_weight=711.88591582048684 37.451328162103891 95.161869470030069 598.5634401999414 97.878103163093328 46.908897958695889 123.35320777446032 167.89497118070722
leaf_count=3079 162 434 2557 360 209 568 782
internal_value=-1.83326e-07 0.00174042 0.00312337 -0.00281598 -0.00137447 -0.00217194 0.00172637
internal_weight=1879.1 829.055 636.015 193.04 1050.04 835.239 214.804
internal_count=8151 3513 2719 794 4638 3647 991
is_linear=0
shrinkage=0.010754


Tree=19
num_leaves=8
num_cat=0
split_feature=11 3 26 26 19 9 5
split_gain=38.3837 34.5639 31.9737 14.2127 11.348 10.5873 7.70357
threshold=-1.569887733094945 -0.15721296692281708 -1.0265727577134542 0.63226307088696654 -0.25594115595980105 -0.77334919058129092 -0.33223455294099713
decision_type=2 2 2 2 2 2 2
left_child=3 6 -3 5 -5 -1 -2
right_child=1 2 -4 4 -6 -7 -8
leaf_value=-0.0040420237978565018 -0.0072614919499143097 -0.0044470539724302885 0.000870427716876684 0.011945240407533938 0.0027249762921060278 0.0060441519708494375 -0.0028051521842332354
leaf_weight=22.227389872074127 53.443871352821589 145.6400747904554 1281.2704946137965 47.982208728790283 22.762026093900204 26.249365091323853 279.43802791740745
leaf_count=85 230 640 5649 160 86 98 1203
internal_value=-1.93641e-07 -0.000400256 0.000327687 0.005905 0.00897867 0.00141939 -0.00352063
internal_weight=1879.01 1759.79 1426.91 119.221 70.7442 48.4768 332.882
internal_count=8151 7722 6289 429 246 183 1433
is_linear=0
shrinkage=0.010754


Tree=20
num_leaves=8
num_cat=0
split_feature=25 20 4 19 16 3 7
split_gain=37.6675 44.0105 31.4962 23.6566 21.8538 14.402 8.76503
threshold=-0.040911749304631782 0.86446498592356102 -0.41448025474624633 1.1956194958778668 0.3557102266373916 0.22260641734795489 -0.23840442153909824
decision_type=2 2 2 2 2 2 2
left_child=4 2 -2 -3 5 -1 -6
right_child=1 3 -4 -5 6 -7 -8
leaf_value=-0.0018557701252816458 -0.0065024987593209202 0.0010292247159835047 0.0036741970604065696 -0.0065031567273075783 -0.0022139288910002944 -0.0091355400249972345 0.0029084609656891192
leaf_weight=801.975356195122 37.364833327010274 95.179314404726028 599.05116001516581 97.7352842874825 50.499805890023708 32.71135101467371 164.38534546643496
leaf_count=3494 162 434 2557 360 226 153 765
internal_value=-2.00195e-07 0.00171275 0.0030767 -0.00278684 -0.00135371 -0.00214107 0.00170464
internal_weight=1878.9 829.331 636.416 192.915 1049.57 834.687 214.885
internal_count=8151 3513 2719 794 4638 3647 991
is_linear=0
shrinkage=0.010754


Tree=21
num_leaves=8
num_cat=0
split_feature=11 3 25 14 1 15 23
split_gain=37.2407 33.6606 31.2717 14.0984 17.6715 16.4078 7.696
threshold=-1.569887733094945 -0.15721296692281708 0.53951069680372932 -0.76640591310447381 -1.0008495504842865 -3.1413712419830415 -0.91494448099518888
decision_type=2 2 2 2 2 2 2
left_child=3 6 -3 5 -5 -1 -2
right_child=1 2 -4 4 -6 -7 -8
leaf_value=0.015531185255548575 -0.0086033027781725023 -0.00050129646144576282 0.0033962715689860598 -0.0056176789046793298 0.0069407490326317588 0.0046427406648643817 -0.0029537856778384325
leaf_weight=27.240445904433727 30.726053044199944 1124.9736232832074 301.97710106894374 22.244496889412403 31.040206037461758 38.809426121413708 301.79656201135367
leaf_count=75 127 5027 1262 98 116 140 1306
internal_value=-2.10022e-07 -0.000394516 0.00032352 0.00581342 0.00169797 0.00913344 -0.00347583
internal_weight=1878.81 1759.47 1426.95 119.335 53.2847 66.0499 332.523
internal_count=8151 7722 6289 429 214 215 1433
is_linear=0
shrinkage=0.010754


Tree=22
num_leaves=7
num_cat=0
split_feature=11 3 26 19 13 23
split_gain=36.4194 32.9681 30.9213 13.824 19.2565 7.55929
threshold=-1.569887733094945 -0.15721296692281708 -1.0265727577134542 -0.25594115595980105 -0.76986590819164402 -0.91494448099518888
decision_type=2 2 2 2 2 2
left_child=3 5 -3 4 -1 -2
right_child=1 2 -4 -5 -6 -7
leaf_value=0.00060875275904284383 -0.0085286058398389777 -0.0043793404398956995 0.00085328081491467804 0.00079289028449396255 0.012125410830986155 -0.0029240239977756429
leaf_weight=24.664103865623474 30.662186607718468 145.42598537262529 1281.5860100500286 42.152846202254295 52.602793633937836 301.5908939242363
leaf_count=97 127 640 5649 155 177 1306
internal_value=-2.16367e-07 -0.000390325 0.000320025 0.00574675 0.00844927 -0.00344126
internal_weight=1878.68 1759.27 1427.01 119.42 77.2669 332.253
internal_count=8151 7722 6289 429 274 1433
is_linear=0
shrinkage=0.010754


Tree=23
num_leaves=8
num_cat=0
split_feature=25 20 4 19 16 3 7
split_gain=35.9243 42.7351 30.543 23.1522 21.2365 14.2717 8.56641
threshold=-0.040911749304631782 0.86446498592356102 -0.41448025474624633 1.1956194958778668 0.3557102266373916 -0.031377021307477208 -0.24381942509721852
decision_type=2 2 2 2 2 2 2
left_child=4 2 -2 -3 5 -1 -6
right_child=1 3 -4 -5 6 -7 -8
leaf_value=-0.0015144059091681372 -0.0064287868051480981 0.0010089833546999267 0.0036019494884185128 -0.0064448179173634546 -0.0023748792802837549 -0.0054809966561943082 0.0028248590369648564
leaf_weight=710.86449953634292 37.289766442030668 95.203950330615044 599.61365874111652 97.595049325376749 46.856656037271023 123.06375886499882 168.07523322850466
leaf_count=3079 162 434 2557 360 209 568 782
internal_value=-2.21709e-07 0.00167183 0.00301466 -0.00276412 -0.00132291 -0.00209977 0.00169126
internal_weight=1878.56 829.702 636.903 192.799 1048.86 833.928 214.932
internal_count=8151 3513 2719 794 4638 3647 991
is_linear=0
shrinkage=0.010754


Tree=24
num_leaves=8
num_cat=0
split_feature=11 3 25 14 1 15 27
split_gain=35.3319 32.1417 30.1305 13.6385 17.2548 15.8097 7.54338
threshold=-1.569887733094945 -0.15721296692281708 0.53951069680372932 -0.76640591310447381 -1.0008495504842865 -3.1413712419830415 -0.34999324261145487
decision_type=2 2 2 2 2 2 2
left_child=3 6 -3 5 -5 -1 -2
right_child=1 2 -4 4 -6 -7 -8
leaf_value=0.015188283071111973 -0.0089316431740886978 -0.00049366732659360106 0.0033307683800849375 -0.0056213790321082823 0.0067842685771213884 0.0045123067638832177 -0.0029239000428762339
leaf_weight=27.317582741379738 26.24688395857811 1124.7606217972934 302.2643258459866 22.241187408566475 31.092636428773403 38.867774128913879 305.66375038959086
leaf_count=75 104 5027 1262 98 116 140 1329
internal_value=-2.31043e-07 -0.000384691 0.0003164 0.00565775 0.00161081 0.00891881 -0.00339899
internal_weight=1878.45 1758.94 1427.02 119.519 53.3338 66.1854 331.911
internal_count=8151 7722 6289 429 214 215 1433
is_linear=0
shrinkage=0.010754


Tree=25
num_leaves=8
num_cat=0
split_feature=25 20 3 16 10 3 7
split_gain=34.6237 41.757 38.1478 20.7513 19.1557 14.07 8.39041
threshold=-0.040911749304631782 1.7273556883909691 -0.15683708264605609 0.3557102266373916 1.7943792876300042 0.22260641734795489 -0.23840442153909824
decision_type=2 2 2 2 2 2 2
left_child=3 2 -2 5 -3 -1 -5
right_child=1 4 -4 6 -6 -7 -8
leaf_value=-0.0017859463835481093 -0.00244616521766768 -0.010151726572190529 0.0036756674787701187 -0.0021575320586432758 -4.9703239010788166e-05 -0.0089940071678749102 0.0028559304934382716
leaf_weight=800.75845102127641 146.68407632410526 46.169655434787273 596.16670948639512 50.44022885710001 40.974707327783108 32.59370381385088 164.53308119997382
leaf_count=3494 626 163 2554 226 170 153 765
internal_value=-2.36499e-07 0.00164067 0.00246684 -0.0012994 -0.00540187 -0.00206787 0.00167958
internal_weight=1878.32 829.995 742.851 1048.33 87.1444 833.352 214.973
internal_count=8151 3513 3180 4638 333 3647 991
is_linear=0
shrinkage=0.010754


Tree=26
num_leaves=8
num_cat=0
split_feature=11 3 26 26 19 9 23
split_gain=34.3946 31.0371 29.5951 13.3276 10.49 10.1901 7.42106
threshold=-1.569887733094945 -0.15721296692281708 -1.0265727577134542 0.63226307088696654 -0.25594115595980105 -0.77334919058129092 -0.91494448099518888
decision_type=2 2 2 2 2 2 2
left_child=3 6 -3 5 -5 -1 -2
right_child=1 2 -4 4 -6 -7 -8
leaf_value=-0.0041190410160601492 -0.0083949021353778609 -0.0042936387573265372 0.00082985992593344836 0.011393264890316829 0.0025431577189444113 0.0057662054610218994 -0.0028314932938795553
leaf_weight=22.247114926576614 30.543954007327557 145.1483207764104 1281.9691441431642 48.197111129760742 22.825591966509819 26.336718618869781 300.93294063396752
leaf_count=85 127 640 5649 160 86 98 1306
internal_value=-2.45486e-07 -0.000379773 0.00030876 0.00557998 0.00854903 0.00123955 -0.00334415
internal_weight=1878.2 1758.59 1427.12 119.607 71.0227 48.5838 331.477
internal_count=8151 7722 6289 429 246 183 1433
is_linear=0
shrinkage=0.010754


Tree=27
num_leaves=7
num_cat=0
split_feature=4 25 19 24 21 13
split_gain=33.7463 48.5126 44.1088 20.7104 9.07986 3.16709
threshold=-0.41448025474624633 0.44030807602653638 2.4626937842261909 -0.73635657890418627 -0.046098304803988591 -0.45303368288211293
decision_type=2 2 2 2 2 2
left_child=4 3 -3 -2 -1 -6
right_child=1 2 -4 -5 5 -7
leaf_value=-0.0024690509076139206 -0.0035421501842584822 0.0041312614848754842 -0.0088609521317151753 -0.00010643887086945405 -0.0067550564535663569 -0.012358262156038961
leaf_weight=32.443452067673206 250.28411822021008 443.73790962249041 32.429023966193199 1071.9493159260601 21.067443171516061 26.155967719852924
leaf_count=146 1081 1845 102 4784 92 101
internal_value=-2.50425e-07 0.000303154 0.00324643 -0.000756784 -0.00684935 -0.00985863
internal_weight=1878.07 1798.4 476.167 1322.23 79.6669 47.2234
internal_count=8151 7812 1947 5865 339 193
is_linear=0
shrinkage=0.010754


Tree=28
num_leaves=8
num_cat=0
split_feature=11 3 25 14 1 15 27
split_gain=33.3726 30.2207 28.8699 13.1752 16.8275 15.127 7.42567
threshold=-1.569887733094945 -0.15721296692281708 -0.83721074264479667 -0.76640591310447381 -1.0008495504842865 -3.1413712419830415 -0.34999324261145487
decision_type=2 2 2 2 2 2 2
left_child=3 6 -3 5 -5 -1 -2
right_child=1 2 -4 4 -6 -7 -8
leaf_value=0.014818233109056068 -0.0088010154859116778 -0.0029287896862489004 0.0010283016993424153 -0.0056278768401118824 0.0066193730889787137 0.0043863517782962757 -0.0028296975470178953
leaf_weight=27.391245178878307 26.15061678737402 260.93199872039258 1166.2184206321836 22.237178027629852 31.147218525409698 38.918355576694012 304.97009394876659
leaf_count=75 104 1143 5146 98 116 140 1329
internal_value=-2.58396e-07 -0.000374299 0.000304807 0.00549426 0.00151773 0.00869563 -0.0033013
internal_weight=1877.97 1758.27 1427.15 119.694 53.3844 66.3096 331.121
internal_count=8151 7722 6289 429 214 215 1433
is_linear=0
shrinkage=0.010754


Tree=29
num_leaves=7
num_cat=0
split_feature=4 25 19 24 21 13
split_gain=32.9635 47.0377 43.0792 20.2737 8.92702 3.11895
threshold=-0.41448025474624633 0.44030807602653638 2.4626937842261909 -0.73635657890418627 -0.046098304803988591 -0.45303368288211293
decision_type=2 2 2 2 2 2
left_child=4 3 -3 -2 -1 -6
right_child=1 2 -4 -5 5 -7
leaf_value=-0.0024328642194012531 -0.0035021135910696614 0.0040693343476176256 -0.0087818902485712839 -0.00010154571390703808 -0.0066842115324908646 -0.012251839534902916
leaf_weight=32.414187289774418 250.06176523864269 444.07936776056886 32.364706605672836 1071.8150858031586 21.027121003717184 26.067159794270992
leaf_count=146 1081 1845 102 4784 92 101
internal_value=-2.63343e-07 0.000299329 0.00319635 -0.00074484 -0.00677648 -0.00976603
internal_weight=1877.83 1798.32 476.444 1321.88 79.5085 47.0943
internal_count=8151 7812 1947 5865 339 193
is_linear=0
shrinkage=0.010754


Tree=30
num_leaves=7
num_cat=0
split_feature=11 7 25 21 19 13
split_gain=32.3813 29.8175 33.3166 14.8869 12.9516 18.2553
threshold=-1.569887733094945 -0.22360664610701067 -0.66257728794543469 0.21378454185236181 -0.25594115595980105 -0.76986590819164402
decision_type=2 2 2 2 2 2
left_child=4 3 -3 -2 5 -1
right_child=1 2 -4 -5 -6 -7
leaf_value=0.0003954192140816877 -0.0011919130654239464 -0.0022983936284812385 0.0015075910734620173 -0.0052375345924098064 0.00062033976245554176 0.011592443052757641
leaf_weight=24.727477446198463 265.73117624223232 369.67095576971769 948.41697848029435 174.11950857192278 42.259192377328873 52.793032944202423
leaf_count=97 1167 1628 4200 727 155 177
internal_value=-2.70979e-07 -0.000368906 0.000440162 -0.00279342 0.00540994 0.00802087
internal_weight=1877.72 1757.94 1318.09 439.851 119.78 77.5205
internal_count=8151 7722 5828 1894 429 274
is_linear=0
shrinkage=0.010754


Tree=31
num_leaves=7
num_cat=0
split_feature=4 25 19 24 21 13
split_gain=32.2589 45.5007 42.0755 19.6406 8.76013 3.05129
threshold=-0.41448025474624633 0.44030807602653638 2.4626937842261909 -0.73635657890418627 -0.046098304803988591 -0.45303368288211293
decision_type=2 2 2 2 2 2
left_child=4 3 -3 -2 -1 -6
right_child=1 2 -4 -5 5 -7
leaf_value=-0.002407652461794666 -0.0034474031082180213 0.0040052408233857244 -0.0087061848604041252 -9.8700223843514254e-05 -0.0066280225456239392 -0.012141585080488092
leaf_weight=32.394991256296635 249.7619332075119 444.43887849897146 32.303837783634663 1071.7321249479428 20.995711296796799 25.974862821400166
leaf_count=146 1081 1845 102 4784 92 101
internal_value=-2.75162e-07 0.000295856 0.00314391 -0.000731607 -0.00670996 -0.00967712
internal_weight=1877.6 1798.24 476.743 1321.49 79.3656 46.9706
internal_count=8151 7812 1947 5865 339 193
is_linear=0
shrinkage=0.010754


Tree=32
num_leaves=7
num_cat=0
split_feature=4 25 19 24 21 13
split_gain=31.6195 44.5096 41.1961 19.2385 8.6138 3.00874
threshold=-0.41448025474624633 0.44030807602653638 2.4626937842261909 -0.73635657890418627 -0.046098304803988591 -0.45303368288211293
decision_type=2 2 2 2 2 2
left_child=4 3 -3 -2 -1 -6
right_child=1 2 -4 -5 5 -7
leaf_value=-0.0023830830469644916 -0.0034128982015444579 0.003959640958131172 -0.0086293323907125179 -9.7640791856971995e-05 -0.0065671738034006793 -0.012048336374038911
leaf_weight=32.377108633518219 249.57497121393681 444.72100569307804 32.241380855441093 1071.7101746583357 20.962547395378351 25.894831970334053
leaf_count=146 1081 1845 102 4784 92 101
internal_value=-2.82485e-07 0.000292666 0.00310865 -0.000723856 -0.00664887 -0.00959632
internal_weight=1877.48 1798.25 476.962 1321.29 79.2345 46.8574
internal_count=8151 7812 1947 5865 339 193
is_linear=0
shrinkage=0.010754


Tree=33
num_leaves=8
num_cat=0
split_feature=11 3 26 14 1 8 27
split_gain=31.1749 29.051 27.8173 12.6681 16.508 14.6011 7.39847
threshold=-1.569887733094945 -0.15721296692281708 -1.0265727577134542 -0.76640591310447381 -1.0008495504842865 -0.74495212609330685 -0.34999324261145487
decision_type=2 2 2 2 2 2 2
left_child=3 6 -3 5 -5 -1 -2
right_child=1 2 -4 4 -6 -7 -8
leaf_value=0.0030117536282121757 -0.008730696871688353 -0.0041659322680559305 0.0008076842511702347 -0.0056697349730092921 0.0064556843888684823 0.013123005951280204 -0.0027639503799340719
leaf_weight=30.758636131882668 26.093850366771221 144.7304929420352 1282.2219747714698 22.245523422956467 31.192439988255501 35.67387992888689 304.43799436744303
leaf_count=105 104 640 5649 98 116 110 1329
internal_value=-2.89586e-07 -0.000362211 0.000303226 0.005306 0.00140796 0.0084415 -0.00323501
internal_weight=1877.35 1757.48 1426.95 119.87 53.438 66.4325 330.532
internal_count=8151 7722 6289 429 214 215 1433
is_linear=0
shrinkage=0.010754


Tree=34
num_leaves=7
num_cat=0
split_feature=4 25 19 24 21 13
split_gain=30.886 43.2328 40.3371 18.8331 8.46746 2.96325
threshold=-0.41448025474624633 0.44030807602653638 2.1784981943052029 -0.73635657890418627 -0.046098304803988591 -0.45303368288211293
decision_type=2 2 2 2 2 2
left_child=4 3 -3 -2 -1 -6
right_child=1 2 -4 -5 5 -7
leaf_value=-0.002348806111206427 -0.0033751638076197788 0.0040270847123162106 -0.0070803811438487369 -9.3836871343370626e-05 -0.0064985520759563995 -0.011945456222720743
leaf_weight=32.34874726831913 249.35861256718636 435.78666738048196 41.403168044984341 1071.5930324224755 20.921578571200371 25.801736921072006
leaf_count=146 1081 1815 132 4784 92 101
internal_value=-2.94002e-07 0.000288969 0.00306334 -0.000713262 -0.00657833 -0.00950655
internal_weight=1877.21 1798.14 477.19 1320.95 79.0721 46.7233
internal_count=8151 7812 1947 5865 339 193
is_linear=0
shrinkage=0.010754


Tree=35
num_leaves=7
num_cat=0
split_feature=4 25 19 24 19 13
split_gain=30.2747 42.2923 39.5129 18.4474 8.37978 2.7497
threshold=-0.41448025474624633 0.44030807602653638 2.4626937842261909 -0.73635657890418627 -0.34888026410465961 -0.43512755511116991
decision_type=2 2 2 2 2 2
left_child=4 3 -3 -2 -1 -6
right_child=1 2 -4 -5 5 -7
leaf_value=-0.0019400154527958193 -0.0033413677733724534 0.003860079845559544 -0.0084897877452920992 -9.2829568225931533e-05 -0.0065414835197548944 -0.01160330351687584
leaf_weight=29.156238513067365 249.17300248891115 445.27140183001757 32.122367523610592 1071.5721459146589 23.636577218770981 26.146471500396729
leaf_count=137 1081 1845 102 4784 100 102
internal_value=-3.00688e-07 0.000285855 0.00302909 -0.000705705 -0.00651862 -0.00920007
internal_weight=1877.08 1798.14 477.394 1320.75 78.9393 49.783
internal_count=8151 7812 1947 5865 339 202
is_linear=0
shrinkage=0.010754


Tree=36
num_leaves=7
num_cat=0
split_feature=11 3 26 19 13 27
split_gain=30.0137 28.1365 27.0034 12.4102 17.527 7.31607
threshold=-1.569887733094945 -0.15721296692281708 -1.0265727577134542 -0.25594115595980105 -0.76986590819164402 -0.34999324261145487
decision_type=2 2 2 2 2 2
left_child=3 5 -3 4 -1 -2
right_child=1 2 -4 -5 -6 -7
leaf_value=0.00028958570956806574 -0.0086566388657926541 -0.0041076965222259345 0.00079556619330198048 0.00051858324009645387 0.01125343209790163 -0.0027166339903142017
leaf_weight=24.756977967917919 26.03400294482708 144.53520967625082 1282.361440077424 42.315136559307575 52.887076333165169 304.04855856392533
leaf_count=97 104 640 5649 155 177 1329
internal_value=-3.07259e-07 -0.000355646 0.000298895 0.00520412 0.00775764 -0.00318514
internal_weight=1876.94 1756.98 1426.9 119.959 77.6441 330.083
internal_count=8151 7722 6289 429 274 1433
is_linear=0
shrinkage=0.010754


Tree=37
num_leaves=8
num_cat=0
split_feature=7 25 18 21 13 22 17
split_gain=29.5821 40.5815 26.5565 16.7399 12.2312 8.91783 8.18386
threshold=-0.22276235832866909 -0.66257728794543469 1.8159777381281332 0.21378454185236181 -0.80551538929281752 0.4975432289562392 -0.53372974949512819
decision_type=2 2 2 2 2 2 2
left_child=3 6 -3 4 -1 -5 -2
right_child=1 2 -4 5 -6 -7 -8
leaf_value=-0.0056374830128197899 -0.0001103841383610894 0.0023699281915031487 -0.0039982230684330843 -0.0088382081617573143 0.0002834090479335344 -0.0034563886874722214 -0.0034601691563335662
leaf_weight=48.612670749425888 130.1279544532299 957.11190892755985 82.240480933338404 48.640749223530293 237.37616159766912 132.91159426420927 239.75907067582011
leaf_count=195 578 4215 303 206 1049 552 1053
internal_value=-3.10132e-07 0.000777361 0.00186603 -0.00234434 -0.000723016 -0.00489829 -0.00228171
internal_weight=1876.78 1409.24 1039.35 467.541 285.989 181.552 369.887
internal_count=8151 6149 4518 2002 1244 758 1631
is_linear=0
shrinkage=0.010754


Tree=38
num_leaves=7
num_cat=0
split_feature=4 25 19 24 21 13
split_gain=29.5408 40.8246 38.3305 17.861 8.23453 2.86989
threshold=-0.41448025474624633 0.44030807602653638 2.1784981943052029 -0.73635657890418627 -0.046098304803988591 -0.45303368288211293
decision_type=2 2 2 2 2 2
left_child=4 3 -3 -2 -1 -6
right_child=1 2 -4 -5 5 -7
leaf_value=-0.0022746415261584081 -0.0032879099014789803 0.0039129544724197784 -0.0069328712732016256 -8.9757513309027731e-05 -0.0063818982661999401 -0.011755463681118964
leaf_weight=32.289932683110237 248.86138457804918 436.38225987926126 41.246201548725367 1071.4458900373429 20.852520260959864 25.625232428312302
leaf_count=146 1081 1815 132 4784 92 101
internal_value=-3.16507e-07 0.000282086 0.00297634 -0.000692572 -0.00644644 -0.00934467
internal_weight=1876.7 1797.94 477.628 1320.31 78.7677 46.4778
internal_count=8151 7812 1947 5865 339 193
is_linear=0
shrinkage=0.010754


Tree=39
num_leaves=8
num_cat=0
split_feature=11 3 26 14 1 15 27
split_gain=28.9709 27.3362 26.0504 12.1696 16.2003 14.0344 7.22276
threshold=-1.569887733094945 -0.15721296692281708 -1.0265727577134542 -0.76640591310447381 -1.0008495504842865 -3.1413712419830415 -0.34999324261145487
decision_type=2 2 2 2 2 2 2
left_child=3 6 -3 5 -5 -1 -2
right_child=1 2 -4 4 -6 -7 -8
leaf_value=0.014066232869797789 -0.0085834792191194047 -0.0040368509947762803 0.00078265832611164657 -0.0057191170847585909 0.0062879674626493322 0.0040362670154736064 -0.0026750369347106327
leaf_weight=27.499072931706905 25.974923722445965 144.29617340210825 1282.5422510802746 22.255630701780319 31.232727155089378 39.040820010006428 303.711595447734
leaf_count=75 104 640 5649 98 116 140 1329
internal_value=-3.22606e-07 -0.000349616 0.000295259 0.00511129 0.00129194 0.00818143 -0.00314056
internal_weight=1876.55 1756.52 1426.84 120.028 53.4884 66.5399 329.687
internal_count=8151 7722 6289 429 214 215 1433
is_linear=0
shrinkage=0.010754


Tree=40
num_leaves=7
num_cat=0
split_feature=4 25 19 24 19 25
split_gain=28.8561 39.6256 37.5229 17.4846 8.13964 2.71788
threshold=-0.41448025474624633 0.44030807602653638 2.4626937842261909 -0.73635657890418627 -0.34888026410465961 0.35448150083432051
decision_type=2 2 2 2 2 2
left_child=4 3 -3 -2 -1 -6
right_child=1 2 -4 -5 5 -7
leaf_value=-0.0018639032139202295 -0.003251206105042793 0.0037391549254953658 -0.0083216538175038685 -8.5786985093871189e-05 -0.0065410343560006962 -0.011581410975087875
leaf_weight=29.095401419326663 248.64592778682709 445.85068236291409 31.971431121230125 1071.3236427679658 25.048908688127995 24.458461306989193
leaf_count=137 1081 1845 102 4784 101 101
internal_value=-3.25872e-07 0.000278527 0.00293215 -0.000682068 -0.00637825 -0.00903125
internal_weight=1876.39 1797.79 477.822 1319.97 78.6028 49.5074
internal_count=8151 7812 1947 5865 339 202
is_linear=0
shrinkage=0.010754


Tree=41
num_leaves=7
num_cat=0
split_feature=4 25 19 24 21 13
split_gain=28.2851 38.7652 36.7427 17.1263 8.02799 2.82723
threshold=-0.41448025474624633 0.44030807602653638 2.4626937842261909 -0.73635657890418627 -0.046098304803988591 -0.45303368288211293
decision_type=2 2 2 2 2 2
left_child=4 3 -3 -2 -1 -6
right_child=1 2 -4 -5 5 -7
leaf_value=-0.0022002638557747584 -0.0032186239122840542 0.0036969010879104639 -0.0082489031497113285 -8.4865954590722124e-05 -0.0062473260863240765 -0.0115939110719966
leaf_weight=32.230738706886768 248.46294828504324 446.09570803493261 31.906895533204079 1071.3045235229656 20.771673317998648 25.467824287712574
leaf_count=146 1081 1845 102 4784 92 101
internal_value=-3.31772e-07 0.000275528 0.0028995 -0.000674839 -0.0063204 -0.00919221
internal_weight=1876.24 1797.77 478.003 1319.77 78.4702 46.2395
internal_count=8151 7812 1947 5865 339 193
is_linear=0
shrinkage=0.010754


Tree=42
num_leaves=8
num_cat=0
split_feature=11 3 26 16 19 27 7
split_gain=27.9043 26.4766 25.2945 11.9316 11.7775 7.13783 5.56203
threshold=-1.569887733094945 -0.15721296692281708 -1.0265727577134542 -0.31020972123591434 -0.17989595926711963 -0.34999324261145487 -0.17802851755873619
decision_type=2 2 2 2 2 2 2
left_child=3 5 -3 6 -5 -2 -1
right_child=1 2 -4 4 -6 -7 -8
leaf_value=0.0047142297180792752 -0.0085098650203639711 -0.0039809550221073624 0.00077095549372127527 0.011624345223317662 0.002122628916947407 -0.0026294400709040979 -0.0021169919638325254
leaf_weight=27.872264623641968 25.912384413182735 144.10338930413127 1282.6490791961551 41.119626261293888 23.831508979201317 303.32034215983003 27.270038217306137
leaf_count=98 104 640 5649 138 85 1329 108
internal_value=-3.37585e-07 -0.000343329 0.000291005 0.0050148 0.00813809 -0.00309227 0.00133585
internal_weight=1876.08 1755.99 1426.75 120.093 64.9511 329.233 55.1423
internal_count=8151 7722 6289 429 223 1433 206
is_linear=0
shrinkage=0.010754


Tree=43
num_leaves=8
num_cat=0
split_feature=7 25 18 21 13 22 17
split_gain=27.8535 38.3071 25.2292 16.2985 11.9496 8.87978 8.03893
threshold=-0.22276235832866909 -0.66257728794543469 1.8159777381281332 0.21378454185236181 -0.80551538929281752 0.4975432289562392 -0.53372974949512819
decision_type=2 2 2 2 2 2 2
left_child=3 6 -3 4 -1 -5 -2
right_child=1 2 -4 5 -6 -7 -8
leaf_value=-0.0055417549821578016 -6.8399138970836785e-05 0.0023007752625883362 -0.0039126272724080988 -0.0087386971797669948 0.00031743517240416345 -0.0033609545945616276 -0.0033903640173194713
leaf_weight=48.486284919083118 130.00541675649583 957.8038167655468 82.05078299716115 48.502901267260313 237.12507076561451 132.57324916124344 239.3661548383534
leaf_count=195 578 4215 303 206 1049 552 1053
internal_value=-3.39873e-07 0.000753757 0.0018105 -0.00227745 -0.000677226 -0.00480145 -0.00222116
internal_weight=1875.91 1409.23 1039.85 466.688 285.611 181.076 369.372
internal_count=8151 6149 4518 2002 1244 758 1631
is_linear=0
shrinkage=0.010754


Tree=44
num_leaves=7
num_cat=0
split_feature=4 25 19 24 19 25
split_gain=27.6062 37.3904 35.6539 16.5746 7.91185 2.68415
threshold=-0.41448025474624633 0.44030807602653638 2.1784981943052029 -0.73635657890418627 -0.34888026410465961 0.35448150083432051
decision_type=2 2 2 2 2 2
left_child=4 3 -3 -2 -1 -6
right_child=1 2 -4 -5 5 -7
leaf_value=-0.0017996200007671772 -0.003166168097757402 0.0037476738340165103 -0.006737566121160085 -8.1690398769991581e-05 -0.0063977074180254926 -0.011419805238697416
leaf_weight=29.045190578326583 248.15103147923946 437.18073799833655 41.024661265313625 1071.1703490801156 24.941166251897812 24.309340432286263
leaf_count=137 1081 1815 132 4784 101 101
internal_value=-3.456e-07 0.000271929 0.00284815 -0.000661853 -0.00625133 -0.00887662
internal_weight=1875.82 1797.53 478.205 1319.32 78.2957 49.2505
internal_count=8151 7812 1947 5865 339 202
is_linear=0
shrinkage=0.010754


Tree=45
num_leaves=7
num_cat=0
split_feature=4 25 19 24 21 13
split_gain=27.0605 36.5797 34.9747 16.2347 7.81321 2.76947
threshold=-0.41448025474624633 0.44030807602653638 2.4626937842261909 -0.73635657890418627 -0.046098304803988591 -0.45303368288211293
decision_type=2 2 2 2 2 2
left_child=4 3 -3 -2 -1 -6
right_child=1 2 -4 -5 5 -7
leaf_value=-0.0021294608857628915 -0.0031344170979087727 0.0035919340970650337 -0.0080880613711300422 -8.0813290553076811e-05 -0.0061202727738536092 -0.011425545322758517
leaf_weight=32.172747761011124 247.9700698107481 446.6132086776197 31.757289886474609 1071.1521327327937 20.692381760105491 25.297151081264019
leaf_count=146 1081 1845 102 4784 92 101
internal_value=-3.50824e-07 0.000269004 0.00281653 -0.000654836 -0.00619474 -0.0090386
internal_weight=1875.65 1797.49 478.37 1319.12 78.1623 45.9895
internal_count=8151 7812 1947 5865 339 193
is_linear=0
shrinkage=0.010754


Tree=46
num_leaves=8
num_cat=0
split_feature=11 3 26 14 1 8 27
split_gain=26.7326 25.5865 24.3019 11.7069 15.9168 13.6715 7.06449
threshold=-1.569887733094945 -0.15721296692281708 -1.0265727577134542 -0.76640591310447381 -1.0008495504842865 -0.74495212609330685 -0.34999324261145487
decision_type=2 2 2 2 2 2 2
left_child=3 6 -3 5 -5 -1 -2
right_child=1 2 -4 4 -6 -7 -8
leaf_value=0.0026671380717635429 -0.0084376006604278565 -0.0039045937547684678 0.0007569991236044747 -0.0057854315610487792 0.0061108998116077944 0.012437784076782163 -0.0025804538921704364
leaf_weight=30.83101212978363 25.84822990000248 143.83729942142963 1282.747482329607 22.270489685237408 31.269448980689049 35.78864074498415 302.88832560740411
leaf_count=105 104 640 5649 98 116 110 1329
internal_value=-3.56114e-07 -0.000336279 0.000286985 0.00490686 0.00116242 0.00791607 -0.00304101
internal_weight=1875.48 1755.32 1426.58 120.16 53.5399 66.6197 328.737
internal_count=8151 7722 6289 429 214 215 1433
is_linear=0
shrinkage=0.010754


Tree=47
num_leaves=8
num_cat=0
split_feature=7 25 13 21 13 22 3
split_gain=26.5676 36.726 24.4227 15.9244 11.6977 8.79233 7.90041
threshold=-0.22276235832866909 -0.66257728794543469 -0.85093058049526171 0.21378454185236181 -0.80551538929281752 0.4975432289562392 0.1302242896177159
decision_type=2 2 2 2 2 2 2
left_child=3 6 -3 4 -1 -5 -2
right_child=1 2 -4 5 -6 -7 -8
leaf_value=-0.0054628871983000262 -0.0017655174041852665 -0.0037676455849553615 0.0022600634734443559 -0.0086473075182657531 0.00033959653947881021 -0.0032897770385884656 -0.0081663582160770385
leaf_weight=48.384614050388336 345.17031230591238 84.621415045112371 955.6267219632864 48.380095232278109 236.96670332551003 132.32115761935711 23.841559514403343
leaf_count=195 1517 332 4186 206 1049 552 114
internal_value=-3.58692e-07 0.000735733 0.00176972 -0.00222618 -0.000644268 -0.0047242 -0.00217908
internal_weight=1875.31 1409.26 1040.25 466.053 285.351 180.701 369.012
internal_count=8151 6149 4518 2002 1244 758 1631
is_linear=0
shrinkage=0.010754


Tree=48
num_leaves=7
num_cat=0
split_feature=4 25 19 24 18 11
split_gain=26.3892 35.2584 34.1654 15.6934 7.71645 5.27176
threshold=-0.41448025474624633 0.44030807602653638 2.1784981943052029 -0.73635657890418627 0.19350000983202481 -0.48709918022492033
decision_type=2 2 2 2 2 2
left_child=4 3 -3 -2 5 -1
right_child=1 2 -4 -5 -6 -7
leaf_value=-0.0071788404163482126 -0.00308177152822957 0.003644074455053051 -0.0066334207031723564 -7.7904157720539664e-05 -0.010223875082542452 8.4227692807974406e-05
leaf_weight=21.825494378805161 247.65048557519913 437.67391050979495 40.902935862541199 1071.0155280297622 31.593971148133278 24.563648112118244
leaf_count=99 1081 1815 132 4784 128 112
internal_value=-3.63944e-07 0.000265373 0.00276567 -0.000642045 -0.00612473 -0.00333287
internal_weight=1875.23 1797.24 478.577 1318.67 77.9831 46.3891
internal_count=8151 7812 1947 5865 339 211
is_linear=0
shrinkage=0.010754


Tree=49
num_leaves=7
num_cat=0
split_feature=11 11 20 19 22 19
split_gain=25.9009 25.5409 24.2954 17.3517 15.3167 22.7721
threshold=-1.4116424797303582 0.24716927781785175 1.7933685877772831 -0.25594115595980105 -1.4284957106100757 -0.25594115595980105
decision_type=2 2 2 2 2 2
left_child=4 3 -3 -2 -1 -6
right_child=1 2 -4 -5 5 -7
leaf_value=-0.0022454317408099429 0.00012901280208155888 0.001937777175506762 -0.0046693680973494247 -0.0026697348582059499 0.0103623521805742 0.00099630917217925882
leaf_weight=33.164234928786755 457.34617398958653 609.44839838892221 71.963416382670403 582.45141298696399 64.549458459019661 56.127396084368229
leaf_count=135 2035 2828 288 2439 224 202
internal_value=-3.68737e-07 -0.000378241 0.00124 -0.00143873 0.00422733 0.00600619
internal_weight=1875.05 1721.21 681.412 1039.8 153.841 120.677
internal_count=8151 7590 3116 4474 561 426
is_linear=0
shrinkage=0.010754


Tree=50
num_leaves=7
num_cat=0
split_feature=4 25 19 3 21 13
split_gain=25.8093 34.3616 33.3352 15.6645 7.61303 2.71924
threshold=-0.41448025474624633 0.44030807602653638 2.4626937842261909 -0.026343390632834068 -0.046098304803988591 -0.45303368288211293
decision_type=2 2 2 2 2 2
left_child=4 3 -3 -2 -1 -6
right_child=1 2 -4 -5 5 -7
leaf_value=-0.0020492828681108913 -7.8820633256511621e-05 0.0034847049839154811 -0.0079416006764041151 -0.0031096156983172821 -0.0059856010460679343 -0.011256917043740591
leaf_weight=32.107880398631096 1076.9682314591482 447.08341483399272 31.616026245057583 241.43075853586197 20.606513254344463 25.119418270885944
leaf_count=146 4739 1845 102 1126 92 101
internal_value=-3.71185e-07 0.000262209 0.00273004 -0.000633836 -0.00606312 -0.00888147
internal_weight=1874.93 1797.1 478.699 1318.4 77.8338 45.7259
internal_count=8151 7812 1947 5865 339 193
is_linear=0
shrinkage=0.010754


Tree=51
num_leaves=8
num_cat=0
split_feature=7 25 13 21 13 22 17
split_gain=25.6531 35.3887 23.8102 15.4708 11.4549 8.72496 7.83534
threshold=-0.22276235832866909 -0.66257728794543469 -0.85093058049526171 0.21378454185236181 -0.80551538929281752 0.4975432289562392 -0.53372974949512819
decision_type=2 2 2 2 2 2 2
left_child=3 6 -3 4 -1 -5 -2
right_child=1 2 -4 5 -6 -7 -8
leaf_value=-0.0054027738830309457 -1.4060045585417823e-05 -0.0037330012290962941 0.0022209113879150398 -0.0085669482595834741 0.00034312581397079529 -0.0032242584964598284 -0.0032962478366667046
leaf_weight=48.307110533118248 129.84980865940452 84.548351740464568 955.96458126232028 48.270171225070953 236.90645444020629 132.08464234322309 238.8332623578608
leaf_count=195 578 332 4186 206 1049 552 1053
internal_value=-3.75812e-07 0.000722683 0.00173711 -0.00218896 -0.000630053 -0.0046542 -0.00214028
internal_weight=1874.76 1409.2 1040.51 465.568 285.214 180.355 368.683
internal_count=8151 6149 4518 2002 1244 758 1631
is_linear=0
shrinkage=0.010754


Tree=52
num_leaves=7
num_cat=0
split_feature=4 25 19 3 19 25
split_gain=25.2537 33.3597 32.6257 15.3784 7.53769 2.63858
threshold=-0.41448025474624633 0.44030807602653638 2.4626937842261909 -0.026343390632834068 -0.34888026410465961 0.35448150083432051
decision_type=2 2 2 2 2 2
left_child=4 3 -3 -2 -1 -6
right_child=1 2 -4 -5 5 -7
leaf_value=-0.001655579205341018 -7.4231289525094872e-05 0.0034355321264860255 -0.0078784864687250263 -0.0030781226224009623 -0.0061179466993624212 -0.011123002393841749
leaf_weight=28.937519224360585 1076.8325923532248 447.33760106936097 31.555166430771351 241.26041749864817 24.724301278591156 24.022223770618439
leaf_count=137 4739 1845 102 1126 101 101
internal_value=-3.80671e-07 0.000259134 0.00269002 -0.000624059 -0.00600352 -0.00858451
internal_weight=1874.67 1796.99 478.893 1318.09 77.684 48.7465
internal_count=8151 7812 1947 5865 339 202
is_linear=0
shrinkage=0.010754


Tree=53
num_leaves=8
num_cat=0
split_feature=7 25 18 21 13 22 17
split_gain=25.0525 34.4346 23.4674 15.1309 11.2342 8.59969 7.67178
threshold=-0.22276235832866909 -0.66257728794543469 1.8159777381281332 0.21378454185236181 -0.80551538929281752 0.4975432289562392 -0.53372974949512819
decision_type=2 2 2 2 2 2 2
left_child=3 6 -3 4 -1 -5 -2
right_child=1 2 -4 5 -6 -7 -8
leaf_value=-0.0053526908402519082 -7.6329058089753823e-06 0.002185812599322831 -0.003814623260898231 -0.0084929325857139564 0.00034057974055466385 -0.0031842200987255427 -0.0032560654174713
leaf_weight=48.246259666979313 129.83169724512845 958.97931896708906 81.807814940810204 48.176493123173714 236.9007093347609 131.94700390845537 238.61007906123996
leaf_count=195 578 4215 303 206 1049 552 1053
internal_value=-3.84997e-07 0.000713972 0.00171416 -0.00216407 -0.000622696 -0.00460413 -0.00211139
internal_weight=1874.5 1409.23 1040.79 465.27 285.147 180.123 368.442
internal_count=8151 6149 4518 2002 1244 758 1631
is_linear=0
shrinkage=0.010754


Tree=54
num_leaves=7
num_cat=0
split_feature=4 25 19 3 21 13
split_gain=24.7414 32.4405 31.7404 15.095 7.4184 2.65956
threshold=-0.41448025474624633 0.44030807602653638 2.1784981943052029 -0.026343390632834068 -0.046098304803988591 -0.45303368288211293
decision_type=2 2 2 2 2 2
left_child=4 3 -3 -2 -1 -6
right_child=1 2 -4 -5 5 -7
leaf_value=-0.0019856265959947304 -7.0295444096736833e-05 0.0034960180926159458 -0.0064355329753275825 -0.0030472627538304328 -0.0058737814725302985 -0.011099828250205465
leaf_weight=32.056679986417294 1076.7062837602571 438.37654547765851 40.667602613568306 241.09175090491772 20.536123352125287 24.949426494538784
leaf_count=146 4739 1815 132 1126 92 101
internal_value=-3.89707e-07 0.000256275 0.00265289 -0.000614936 -0.00594798 -0.00874043
internal_weight=1874.38 1796.84 479.044 1317.8 77.5422 45.4855
internal_count=8151 7812 1947 5865 339 193
is_linear=0
shrinkage=0.010754


Tree=55
num_leaves=8
num_cat=0
split_feature=11 3 26 14 1 8 27
split_gain=24.5085 24.4973 22.5894 11.3133 15.6364 13.0301 7.0275
threshold=-1.569887733094945 -0.15721296692281708 -1.0265727577134542 -0.76640591310447381 -1.0008495504842865 -0.74495212609330685 -0.34999324261145487
decision_type=2 2 2 2 2 2 2
left_child=3 6 -3 5 -5 -1 -2
right_child=1 2 -4 4 -6 -7 -8
leaf_value=0.0025295702194450915 -0.008362793911959673 -0.0037619596708327145 0.00073960181487811789 -0.0058668056354675476 0.005918891892529774 0.012064619297702833 -0.0025126710251712346
leaf_weight=30.847474306821823 25.7732078358531 143.32661616429687 1282.617960549891 22.289364039897919 31.300784200429916 35.825467966496944 302.22560191806406
leaf_count=105 104 640 5649 98 116 110 1329
internal_value=-3.93689e-07 -0.000322414 0.000287132 0.00469599 0.00101688 0.00765311 -0.00297237
internal_weight=1874.21 1753.94 1425.94 120.263 53.5901 66.6729 327.999
internal_count=8151 7722 6289 429 214 215 1433
is_linear=0
shrinkage=0.010754


Tree=56
num_leaves=8
num_cat=0
split_feature=7 25 13 21 13 22 3
split_gain=24.4161 33.174 23.2559 14.7929 10.9946 8.48743 7.60495
threshold=-0.22276235832866909 -0.66257728794543469 -0.85093058049526171 0.21378454185236181 -0.80551538929281752 0.4975432289562392 0.1302242896177159
decision_type=2 2 2 2 2 2 2
left_child=3 6 -3 4 -1 -5 -2
right_child=1 2 -4 5 -6 -7 -8
leaf_value=-0.0052969220156411419 -0.0016646543878377233 -0.0037217929226233777 0.0021636035153818601 -0.0084200852759264023 0.00033884973371288809 -0.0031413001119357988 -0.0079613824607732905
leaf_weight=48.174129247665405 344.37392473779619 84.506657717749476 956.5202955417335 48.077027201652527 236.87493976950645 131.78978669643402 23.710228763520718
leaf_count=195 1517 332 4186 206 1049 552 114
internal_value=-3.95362e-07 0.00070468 0.00168585 -0.00213741 -0.000613598 -0.0045523 -0.00207027
internal_weight=1874.03 1409.11 1041.03 464.916 285.049 179.867 368.084
internal_count=8151 6149 4518 2002 1244 758 1631
is_linear=0
shrinkage=0.010754


Tree=57
num_leaves=7
num_cat=0
split_feature=4 25 19 24 19 25
split_gain=24.1273 31.2659 31.0648 14.8382 7.33404 2.61877
threshold=-0.41448025474624633 0.44030807602653638 2.4626937842261909 -0.73635657890418627 -0.34888026410465961 0.83406141807818124
decision_type=2 2 2 2 2 2
left_child=4 3 -3 -2 -1 -6
right_child=1 2 -4 -5 5 -7
leaf_value=-0.0015910397172366445 -0.0029786618905986158 0.0033302056294065652 -0.0077334141971926555 -5.4541900089000164e-05 -0.0064314056671693209 -0.011552904437850025
leaf_weight=28.884065119549632 247.01029612869024 447.79413365200162 31.409237373620272 1070.3455570554361 29.496081441640854 18.980790317058563
leaf_count=137 1081 1845 102 4784 123 79
internal_value=-3.99775e-07 0.000252814 0.00260504 -0.000602831 -0.00588085 -0.00843678
internal_weight=1873.92 1796.56 479.203 1317.36 77.3609 48.4769
internal_count=8151 7812 1947 5865 339 202
is_linear=0
shrinkage=0.010754


Tree=58
num_leaves=7
num_cat=0
split_feature=16 19 13 11 3 6
split_gain=23.9284 24.9374 23.0819 22.178 20.1212 14.9407
threshold=-0.050288902005573018 -0.25594115595980105 -0.80551538929281752 -1.4116424797303582 -0.15152996165696486 -0.11739079239708099
decision_type=2 2 2 2 2 2
left_child=1 2 -1 -2 -5 -3
right_child=3 5 -4 4 -6 -7
leaf_value=-0.0032693784981141479 0.00933994795499196 -0.0053342662872041275 0.0019443906812387094 -0.0021483887338878669 0.0019982975048380542 -0.0014803398439386479
leaf_weight=130.69839741103351 38.938973359763622 164.71501233056188 394.93051554542035 177.3686198964715 570.98357759416103 396.08858867734671
leaf_count=570 128 669 1723 782 2627 1652
internal_value=-4.03727e-07 -0.00103493 0.000647972 0.00142721 0.00101548 -0.00261229
internal_weight=1873.72 1086.43 525.629 787.291 748.352 560.804
internal_count=8151 4614 2293 3537 3409 2321
is_linear=0
shrinkage=0.010754


Tree=59
num_leaves=7
num_cat=0
split_feature=4 25 19 3 21 13
split_gain=23.5466 30.4249 30.3468 14.8738 7.24256 2.60351
threshold=-0.41448025474624633 0.44030807602653638 2.4626937842261909 -0.026343390632834068 -0.046098304803988591 -0.45303368288211293
decision_type=2 2 2 2 2 2
left_child=4 3 -3 -2 -1 -6
right_child=1 2 -4 -5 5 -7
leaf_value=-0.0018997154819883635 -5.4128886421191712e-05 0.0032851109766879765 -0.0076616853997712444 -0.0030104388049140228 -0.0057468144047010741 -0.010932399216076572
leaf_weight=31.983477637171745 1076.2173568485305 447.98611706122756 31.336026404052973 240.87016051262617 20.449934743344784 24.759716257452965
leaf_count=146 4739 1845 102 1126 92 101
internal_value=-4.0701e-07 0.000249501 0.00256945 -0.000594785 -0.00581622 -0.00858686
internal_weight=1873.6 1796.41 479.322 1317.09 77.1931 45.2097
internal_count=8151 7812 1947 5865 339 193
is_linear=0
shrinkage=0.010754


Tree=60
num_leaves=8
num_cat=0
split_feature=7 25 13 21 13 22 19
split_gain=23.4274 31.9443 22.5212 14.3737 10.6595 8.40208 7.51001
threshold=-0.22276235832866909 -0.66257728794543469 -0.85093058049526171 0.21378454185236181 -0.80551538929281752 0.4975432289562392 -0.53286061295586562
decision_type=2 2 2 2 2 2 2
left_child=3 6 -3 4 -1 -5 -2
right_child=1 2 -4 5 -6 -7 -8
leaf_value=-0.0052108926581786409 0.00094915840692602789 -0.0036727134565129045 0.0021219796410412895 -0.0083325337927644613 0.00034378048281801822 -0.0030739952263091385 -0.0028260900114564992
leaf_weight=48.063820660114288 77.101445102132857 84.40861571021378 956.8785681836307 47.952091485261917 236.80431096628308 131.53629598021507 290.67158986348659
leaf_count=195 344 332 4186 206 1049 552 1287
internal_value=-4.10755e-07 0.00068995 0.00165225 -0.00209528 -0.000593407 -0.00447889 -0.00203462
internal_weight=1873.42 1409.06 1041.29 464.357 284.868 179.488 367.773
internal_count=8151 6149 4518 2002 1244 758 1631
is_linear=0
shrinkage=0.010754


Tree=61
num_leaves=8
num_cat=0
split_feature=3 25 19 3 17 11 0
split_gain=23.3345 33.3492 28.439 17.1718 8.26585 9.61748 9.59279
threshold=-0.15721296692281708 0.53951069680372932 2.1784981943052029 -0.10809807065161695 -0.45722516861225215 -1.451811063023613 1.5791473808602283
decision_type=2 2 2 2 2 2 2
left_child=4 3 -3 -2 5 -1 -6
right_child=1 2 -4 -5 6 -7 -8
leaf_value=0.0068427801042185059 0.0007979559989891563 0.0042773959239667276 -0.0071209879628549352 -0.0018727626813001851 -0.0044885099311672933 -0.0015019635103797155 0.0030297776852799651
leaf_weight=18.34812219440937 669.1495456546545 337.08967976644635 27.369808748364449 476.81678732857108 199.38410835713148 123.37477053515613 21.769176810979843
leaf_count=79 2924 1369 83 2199 844 559 94
internal_value=-4.14714e-07 0.00058788 0.0034214 -0.00031328 -0.00244913 -0.000421585 -0.00374843
internal_weight=1873.3 1510.43 364.459 1145.97 362.876 141.723 221.153
internal_count=8151 6575 1452 5123 1576 638 938
is_linear=0
shrinkage=0.010754


Tree=62
num_leaves=7
num_cat=0
split_feature=16 19 13 11 3 6
split_gain=23.2011 24.0896 22.3829 21.3402 19.5268 14.4963
threshold=-0.050288902005573018 -0.25594115595980105 -0.80551538929281752 -1.4116424797303582 -0.15152996165696486 -0.11739079239708099
decision_type=2 2 2 2 2 2
left_child=1 2 -1 -2 -5 -3
right_child=3 5 -4 4 -6 -7
leaf_value=-0.0032263279830524257 0.0091643264102631988 -0.0052559380637780123 0.0019097639439866808 -0.0021176147353971172 0.0019686903936471907 -0.0014564456676171296
leaf_weight=130.55654489435256 38.964125692844391 164.35586906224489 395.06191442534328 177.20095046982169 571.16058541834354 395.80642137303948
leaf_count=570 128 669 1723 782 2627 1652
internal_value=-4.18058e-07 -0.0010196 0.00063402 0.0014051 0.00100111 -0.00257125
internal_weight=1873.11 1085.78 525.618 787.326 748.362 560.162
internal_count=8151 4614 2293 3537 3409 2321
is_linear=0
shrinkage=0.010754


Tree=63
num_leaves=5
num_cat=0
split_feature=15 16 14 3
split_gain=22.9089 23.5777 20.6473 19.2157
threshold=-3.1413712419830415 -0.050288902005573018 1.1270784819885427 -0.15152996165696486
decision_type=2 2 2 2
left_child=-1 2 -2 -3
right_child=1 3 -4 -5
leaf_value=0.007882873697692484 -0.00083847051065885723 -0.0017658274974954602 -0.0070814361301074439 0.0021990574053519555
leaf_weight=41.682881467044353 991.79784300457686 186.09661901369691 65.3009073138237 588.09865711256862
leaf_count=132 4236 816 283 2684
internal_value=-4.20922e-07 -0.000179858 -0.00122413 0.001246
internal_weight=1872.98 1831.29 1057.1 774.195
internal_count=8151 8019 4519 3500
is_linear=0
shrinkage=0.010754


Tree=64
num_leaves=7
num_cat=0
split_feature=4 25 19 3 18 11
split_gain=22.7753 28.6604 29.1005 14.5779 7.09535 5.3145
threshold=-0.41448025474624633 0.44030807602653638 2.1784981943052029 -0.026343390632834068 0.19350000983202481 -0.48709918022492033
decision_type=2 2 2 2 2 2
left_child=4 3 -3 -2 5 -1
right_child=1 2 -4 -5 -6 -7
leaf_value=-0.0069282765138692004 -3.9657003475254708e-05 0.0032996890484212234 -0.0062364512887364667 -0.002967749841284549 -0.0097121707926348961 0.00039391278930698637
leaf_weight=21.653111472725868 1075.7727920357138 439.10667460039258 40.414172757416964 240.62218118458986 30.936824604868889 24.358948834240437
leaf_count=99 4739 1815 132 1126 128 112
internal_value=-4.21324e-07 0.000245053 0.00249597 -0.000574882 -0.00572961 -0.0030518
internal_weight=1872.86 1795.92 479.521 1316.39 76.9489 46.0121
internal_count=8151 7812 1947 5865 339 211
is_linear=0
shrinkage=0.010754


Tree=65
num_leaves=8
num_cat=0
split_feature=7 25 20 18 11 13 3
split_gain=22.683 30.5962 22.0539 14.0452 13.369 9.00964 7.36429
threshold=-0.22276235832866909 -0.66257728794543469 1.7273556883909691 0.059494832740634745 -0.12054870473982161 -0.80551538929281752 0.1302242896177159
decision_type=2 2 2 2 2 2 2
left_child=3 6 -3 5 -5 -1 -2
right_child=1 2 -4 4 -6 -7 -8
leaf_value=-0.0050194129974684481 -0.0015906516276503705 0.0020480846948122736 -0.0041009088943430791 -0.0088204431664447615 -0.0024739124546302445 0.00027015630792458391 -0.0078004961145673457
leaf_weight=44.160713039338589 343.77001895941794 968.93280762434006 72.503304243087769 54.999365210533142 127.08430857211351 237.62442846223712 23.602633856236935
leaf_count=184 1517 4246 272 210 563 1045 114
internal_value=-4.24497e-07 0.000678718 0.00162 -0.00206305 -0.00439094 -0.000558799 -0.00198963
internal_weight=1872.68 1408.81 1041.44 463.869 182.084 281.785 367.373
internal_count=8151 6149 4518 2002 773 1229 1631
is_linear=0
shrinkage=0.010754


Tree=66
num_leaves=8
num_cat=0
split_feature=13 11 19 11 5 16 18
split_gain=22.3221 24.8667 24.3515 23.6704 9.99983 16.3344 15.518
threshold=-0.80551538929281752 -0.86388908984189727 -0.27065236394480879 0.24716927781785175 0.09602674542915017 -0.43967037559207151 -0.76926763461068748
decision_type=2 2 2 2 2 2 2
left_child=4 2 -2 -3 5 -1 -6
right_child=1 3 -4 -5 6 -7 -8
leaf_value=-0.0068020659056970299 0.0064934082068930418 -0.0014733517309604724 -9.3993915102315626e-05 0.0013787377830502933 -0.0051449202882560743 0.00030772888436184515 0.0037728790487121617
leaf_weight=113.72128250449896 143.07436234503984 707.12563799135387 118.77598506212234 642.12196599692106 39.595116555690765 55.661089856177568 52.471631526947021
leaf_count=465 556 3100 460 2946 170 238 216
internal_value=-4.28667e-07 0.000472563 0.00350533 -0.000116008 -0.00291511 -0.00446568 -6.23528e-05
internal_weight=1872.55 1611.1 261.85 1349.25 261.449 169.382 92.0667
internal_count=8151 7062 1016 6046 1089 703 386
is_linear=0
shrinkage=0.010754


Tree=67
num_leaves=8
num_cat=0
split_feature=3 25 19 3 17 0 11
split_gain=22.244 31.3885 27.0702 16.8122 8.06309 9.44667 9.21568
threshold=-0.15721296692281708 0.53951069680372932 2.1784981943052029 -0.10809807065161695 -0.45722516861225215 1.5791473808602283 -1.451811063023613
decision_type=2 2 2 2 2 2 2
left_child=4 3 -3 -2 6 -6 -1
right_child=1 2 -4 -5 5 -7 -8
leaf_value=0.0067156490596599642 0.00079829969432103831 0.0041544375901225745 -0.0069856422771440952 -0.0018449451273905158 -0.0044146816856476647 0.0030489663796159899 -0.0014499682471136837
leaf_weight=18.367219902575016 669.05944765452296 337.39816719666123 27.26497296243906 476.46826339885592 198.91492110677063 21.756421394646168 123.20114106591791
leaf_count=79 2924 1369 83 2199 844 94 559
internal_value=-4.3205e-07 0.000573626 0.00332151 -0.000301122 -0.00239371 -0.00367881 -0.000390525
internal_weight=1872.43 1510.19 364.663 1145.53 362.24 220.671 141.568
internal_count=8151 6575 1452 5123 1576 938 638
is_linear=0
shrinkage=0.010754


Tree=68
num_leaves=8
num_cat=0
split_feature=7 25 18 21 13 22 17
split_gain=22.1944 29.6063 21.6103 13.8196 10.0064 8.43293 7.36832
threshold=-0.22276235832866909 -0.66257728794543469 1.8159777381281332 0.21378454185236181 -0.80551538929281752 0.4975432289562392 -0.53372974949512819
decision_type=2 2 2 2 2 2 2
left_child=3 6 -3 4 -1 -5 -2
right_child=1 2 -4 5 -6 -7 -8
leaf_value=-0.005053939442302229 0.00010873845525624939 0.0020481506231188216 -0.0037188134941964126 -0.0082490793605861507 0.0003376313077813196 -0.002973423833168857 -0.0030798839303821882
leaf_weight=47.857646949589252 129.49193083681166 960.0724350400269 81.527722846716642 47.817432694137096 236.72811494022608 131.15535417944193 237.57532017678022
leaf_count=195 578 4215 303 206 1049 552 1053
internal_value=-4.34887e-07 0.000671244 0.00159676 -0.00204155 -0.000569034 -0.00438298 -0.00195501
internal_weight=1872.23 1408.67 1041.6 463.559 284.586 178.973 367.067
internal_count=8151 6149 4518 2002 1244 758 1631
is_linear=0
shrinkage=0.010754


Tree=69
num_leaves=7
num_cat=0
split_feature=4 25 19 3 21 13
split_gain=22.1281 26.9923 27.7294 14.1444 7.00797 2.53644
threshold=-0.41448025474624633 0.44030807602653638 2.4626937842261909 -0.026343390632834068 -0.046098304803988591 -0.45303368288211293
decision_type=2 2 2 2 2 2
left_child=4 3 -3 -2 -1 -6
right_child=1 2 -4 -5 5 -7
leaf_value=-0.0018016628859625335 -2.7806996073421635e-05 0.0031055185266050363 -0.0074004361426336165 -0.0029136957534415752 -0.0055880734329665687 -0.010725893890319098
leaf_weight=31.892637439072132 1075.3617010805756 448.61374690756202 31.066306013613939 240.30360411852598 20.337908023968339 24.510319210588932
leaf_count=146 4739 1845 102 1126 92 101
internal_value=-4.38367e-07 0.000241284 0.0024251 -0.000554912 -0.00565556 -0.00839607
internal_weight=1872.09 1795.35 479.68 1315.67 76.7409 44.8482
internal_count=8151 7812 1947 5865 339 193
is_linear=0
shrinkage=0.010754


Tree=70
num_leaves=8
num_cat=0
split_feature=13 11 19 11 5 16 18
split_gain=21.8899 23.8921 23.5406 23.047 9.85307 15.9846 15.2573
threshold=-0.80551538929281752 -0.86388908984189727 -0.27065236394480879 0.24716927781785175 0.09602674542915017 -0.43967037559207151 -0.76926763461068748
decision_type=2 2 2 2 2 2 2
left_child=4 2 -2 -3 5 -1 -6
right_child=1 3 -4 -5 6 -7 -8
leaf_value=-0.0067429725664611192 0.0063758486003307234 -0.0014493927835738556 -0.00010018822665747737 0.0013654000921103102 -0.0051005948242586439 0.00029217039820806523 0.0037442140086484353
leaf_weight=113.5313488189131 143.19030737876892 706.61219774838537 118.74663554131985 642.10448300093412 39.549122743308544 55.662271462380886 52.49065899476409
leaf_count=465 556 3100 460 2946 170 238 216
internal_value=-4.41322e-07 0.000467903 0.00343998 -0.000109308 -0.00288807 -0.00442849 -5.63214e-05
internal_weight=1871.89 1610.65 261.937 1348.72 261.233 169.194 92.0398
internal_count=8151 7062 1016 6046 1089 703 386
is_linear=0
shrinkage=0.010754


Tree=71
num_leaves=8
num_cat=0
split_feature=7 25 21 18 11 13 17
split_gain=21.6832 28.6564 21.1827 13.6268 12.9708 8.44971 7.24311
threshold=-0.22276235832866909 -0.66257728794543469 0.92846237015732547 0.059494832740634745 -0.12054870473982161 -0.80551538929281752 -0.53372974949512819
decision_type=2 2 2 2 2 2 2
left_child=3 6 -3 5 -5 -1 -2
right_child=1 2 -4 4 -6 -7 -8
leaf_value=-0.0048668637799231624 0.0001244667293323295 0.0025518740070965 -0.00083002727889266005 -0.0086889263561369997 -0.0024271942277434258 0.0002644847963146485 -0.0030379021072953812
leaf_weight=43.983626808971167 129.44457288365811 740.37876147590578 301.37974579259753 54.770099394023418 126.91023347526789 237.56764043495059 237.32849588617682
leaf_count=184 578 3279 1239 210 563 1045 1053
internal_value=-4.44365e-07 0.000663334 0.00157349 -0.00201878 -0.0043149 -0.000537115 -0.0019218
internal_weight=1871.76 1408.53 1041.76 463.232 181.68 281.551 366.773
internal_count=8151 6149 4518 2002 773 1229 1631
is_linear=0
shrinkage=0.010754


Tree=72
num_leaves=7
num_cat=0
split_feature=4 25 19 3 21 13
split_gain=21.5728 26.049 27.0414 13.8977 6.91124 2.49634
threshold=-0.41448025474624633 0.44030807602653638 2.4626937842261909 -0.026343390632834068 -0.046098304803988591 -0.45303368288211293
decision_type=2 2 2 2 2 2
left_child=4 3 -3 -2 -1 -6
right_child=1 2 -4 -5 5 -7
leaf_value=-0.0017634406785202877 -2.2012782729613115e-05 0.003053836213659619 -0.0073321921279226382 -0.0028835474246871277 -0.0055316484552569573 -0.01063638366132511
leaf_weight=31.859606392681599 1075.1510125203058 448.79742271080613 30.993718508630991 240.12418324500322 20.298557860776782 24.404960252344608
leaf_count=146 4739 1845 102 1126 92 101
internal_value=-4.47812e-07 0.000237993 0.00238291 -0.000544434 -0.00559088 -0.00831856
internal_weight=1871.63 1795.07 479.791 1315.28 76.5631 44.7035
internal_count=8151 7812 1947 5865 339 193
is_linear=0
shrinkage=0.010754


Tree=73
num_leaves=8
num_cat=0
split_feature=3 25 19 3 17 0 0
split_gain=21.4956 29.1833 25.4184 16.1946 7.77565 9.32135 8.8732
threshold=-0.15721296692281708 0.53951069680372932 2.1784981943052029 -0.10809807065161695 -0.45722516861225215 1.5791473808602283 -0.66407553321460655
decision_type=2 2 2 2 2 2 2
left_child=4 3 -3 -2 6 -6 -1
right_child=1 2 -4 -5 5 -7 -8
leaf_value=-0.0028978749214477128 0.00079841511494921141 0.0040163863871654363 -0.0068056344375744642 -0.0017968184304908853 -0.0043514287659019808 0.0030654430714337428 0.0025015320692435769
leaf_weight=75.726434465497732 668.9472897797823 337.75801573321223 27.114931091666222 475.90353547781706 198.46300504356623 21.742987118661404 65.770306505262852
leaf_count=340 2924 1369 83 2199 844 94 298
internal_value=-4.50565e-07 0.000563688 0.00321215 -0.000280395 -0.00235514 -0.00361907 -0.000388102
internal_weight=1871.43 1509.72 364.873 1144.85 361.703 220.206 141.497
internal_count=8151 6575 1452 5123 1576 938 638
is_linear=0
shrinkage=0.010754


Tree=74
num_leaves=8
num_cat=0
split_feature=13 11 19 11 5 16 18
split_gain=21.4542 23.0398 22.6879 22.3732 9.70124 15.6343 14.9911
threshold=-0.80551538929281752 -0.86388908984189727 -0.27065236394480879 0.24716927781785175 0.09602674542915017 -0.43967037559207151 -0.76926763461068748
decision_type=2 2 2 2 2 2 2
left_child=4 2 -2 -3 5 -1 -6
right_child=1 3 -4 -5 6 -7 -8
leaf_value=-0.0066826508959814557 0.0062614785622181254 -0.001425020999723697 -9.583996286056194e-05 0.0013487778509127903 -0.0050555192673712428 0.00027693715470328544 0.0037141140524602182
leaf_weight=113.33507889136672 143.29782168567181 706.08993643615395 118.69634246081114 642.13204772397876 39.501271076500416 55.662347927689552 52.510668251663446
leaf_count=465 556 3100 460 2946 170 238 216
internal_value=-4.53049e-07 0.000463153 0.00338128 -0.000103911 -0.00286054 -0.00439036 -5.06982e-05
internal_weight=1871.23 1610.22 261.994 1348.22 261.009 168.997 92.0119
internal_count=8151 7062 1016 6046 1089 703 386
is_linear=0
shrinkage=0.010754


Tree=75
num_leaves=8
num_cat=0
split_feature=7 25 13 21 13 22 19
split_gain=21.16 27.6072 20.8936 13.3563 9.37452 8.43946 7.14597
threshold=-0.22276235832866909 -0.66257728794543469 -0.85093058049526171 0.21378454185236181 -0.80551538929281752 0.4975432289562392 -0.53286061295586562
decision_type=2 2 2 2 2 2 2
left_child=3 6 -3 4 -1 -5 -2
right_child=1 2 -4 5 -6 -7 -8
leaf_value=-0.0048996049111567318 0.0010287499806443793 -0.0035878874050116992 0.0019997272084331542 -0.0081735242168425211 0.00032842985384585175 -0.0028889673086100859 -0.0026581063088620613
leaf_weight=47.651802822947502 76.961954950354993 84.197942197322845 957.62826047092676 47.692498836666346 236.67599739506841 130.8212068900466 289.46484522894025
leaf_count=195 344 332 4186 206 1049 552 1287
internal_value=-4.55735e-07 0.00065517 0.00154815 -0.00199529 -0.000547747 -0.00430083 -0.00188373
internal_weight=1871.09 1408.25 1041.83 462.842 284.328 178.514 366.427
internal_count=8151 6149 4518 2002 1244 758 1631
is_linear=0
shrinkage=0.010754


Tree=76
num_leaves=7
num_cat=0
split_feature=4 25 19 25 21 13
split_gain=20.9624 24.8125 21.831 14.1715 6.8097 2.46285
threshold=-0.41448025474624633 0.71974138225790296 2.1784981943052029 -0.83721074264479667 -0.046098304803988591 -0.45303368288211293
decision_type=2 2 2 2 2 2
left_child=4 3 -3 -2 -1 -6
right_child=1 2 -4 -5 5 -7
leaf_value=-0.0017192090383343554 -0.0023759292954804796 0.0037136067605462934 -0.0056868150318112806 0.00018628648297497186 -0.0054634674628437265 -0.010542701702409328
leaf_weight=31.81875191628933 320.15811354853213 309.41987357661128 31.477002076804638 1133.5471741780639 20.249682849273086 24.288349412381649
leaf_count=146 1423 1258 105 5026 92 101
internal_value=-4.58635e-07 0.00023434 0.0028456 -0.000378003 -0.00551895 -0.00823346
internal_weight=1870.96 1794.6 340.897 1453.71 76.3568 44.538
internal_count=8151 7812 1363 6449 339 193
is_linear=0
shrinkage=0.010754


Tree=77
num_leaves=8
num_cat=0
split_feature=3 25 20 3 17 0 11
split_gain=20.8185 27.7308 24.5675 15.9205 7.65066 9.12063 8.72558
threshold=-0.15721296692281708 0.53951069680372932 1.7933685877772831 -0.10809807065161695 -0.45722516861225215 1.5791473808602283 -1.451811063023613
decision_type=2 2 2 2 2 2 2
left_child=4 3 -3 -2 6 -6 -1
right_child=1 2 -4 -5 5 -7 -8
leaf_value=0.0065419459522701303 0.00080093739551711791 0.0041529150015317401 -0.0045149931278928926 -0.0017727829721663395 -0.0043000821145227916 0.0030352814584004321 -0.0014006671762427695
leaf_weight=18.387019671499729 668.84056843910366 322.17558993026614 42.84467963129282 475.61164999753237 198.1265938654542 21.755038015544415 123.00713073182851
leaf_count=79 2924 1296 156 2199 844 94 559
internal_value=-4.6053e-07 0.00055454 0.0031355 -0.000268646 -0.00231936 -0.0035743 -0.000367775
internal_weight=1870.75 1509.47 365.02 1144.45 361.276 219.882 141.394
internal_count=8151 6575 1452 5123 1576 938 638
is_linear=0
shrinkage=0.010754


Tree=78
num_leaves=8
num_cat=0
split_feature=13 7 21 21 5 16 18
split_gain=20.7529 22.339 27.1484 20.9667 9.54602 15.3171 14.7521
threshold=-0.80551538929281752 -0.19518294826748547 0.86349165849323783 0.21378454185236181 0.09602674542915017 -0.43967037559207151 -0.76926763461068748
decision_type=2 2 2 2 2 2 2
left_child=4 3 -3 -2 5 -1 -6
right_child=1 2 -4 -5 6 -7 -8
leaf_value=-0.0066069908344283139 0.00055832778070309956 0.0026514290129439682 -0.0010299038230762246 -0.0035781946090472864 -0.004997611384652486 0.00028490717275070929 0.0037054984130007302
leaf_weight=113.09991754218936 325.89782698731869 682.47330781444907 350.73365325108171 250.73955805599689 39.442922532558441 55.64043926820159 52.510944206267595
leaf_count=465 1460 3074 1457 1071 170 238 216
internal_value=-4.62165e-07 0.000455365 0.00140176 -0.00124035 -0.00281531 -0.00433443 -2.75921e-05
internal_weight=1870.54 1609.84 1033.21 576.637 260.694 168.74 91.9539
internal_count=8151 7062 4531 2531 1089 703 386
is_linear=0
shrinkage=0.010754


Tree=79
num_leaves=7
num_cat=0
split_feature=16 19 13 11 3 6
split_gain=20.7278 21.6963 19.568 19.1104 17.8519 13.2915
threshold=-0.050288902005573018 -0.25594115595980105 -0.80551538929281752 -1.4116424797303582 -0.15152996165696486 -0.11739079239708099
decision_type=2 2 2 2 2 2
left_child=1 2 -1 -2 -5 -3
right_child=3 5 -4 4 -6 -7
leaf_value=-0.0030183789137504503 0.0086700128666999336 -0.0050236432297396678 0.0017930795734688622 -0.0020424482126350919 0.001868473694309934 -0.0013750251249922329
leaf_weight=129.87115802429616 38.964012511074543 163.20818256027997 395.28656499087811 176.70240367949009 571.66687528789043 394.76363616064191
leaf_count=570 128 669 1723 782 2627 1652
internal_value=-4.663e-07 -0.000965659 0.000603201 0.00132734 0.000945035 -0.00244226
internal_weight=1870.46 1083.13 525.158 787.333 748.369 557.972
internal_count=8151 4614 2293 3537 3409 2321
is_linear=0
shrinkage=0.010754


Tree=80
num_leaves=7
num_cat=0
split_feature=4 25 7 25 19 25
split_gain=20.3054 23.7492 21.0928 13.8431 6.66655 2.63183
threshold=-0.41448025474624633 0.71974138225790296 -0.2396692063405084 -0.83721074264479667 -0.34888026410465961 0.83406141807818124
decision_type=2 2 2 2 2 2
left_child=4 3 -3 -2 -1 -6
right_child=1 2 -4 -5 5 -7
leaf_value=-0.001346206032625694 -0.0023445528404051692 -0.0033564348691119891 0.0039497926793266025 0.00018866809109641342 -0.0058864820461629348 -0.011078223475893165
leaf_weight=28.672422302886844 319.89219125919044 54.366187006235123 286.57765341922641 1133.3486166670918 28.918021477758884 18.532844364643097
leaf_count=137 1423 215 1148 5026 123 79
internal_value=-4.6788e-07 0.000230335 0.00278475 -0.00036895 -0.00544043 -0.0079143
internal_weight=1870.31 1794.18 340.944 1453.24 76.1233 47.4509
internal_count=8151 7812 1363 6449 339 202
is_linear=0
shrinkage=0.010754


Tree=81
num_leaves=8
num_cat=0
split_feature=16 19 13 20 25 10 4
split_gain=20.1788 21.197 19.1358 18.7901 19.2176 16.4526 13.1277
threshold=-0.050288902005573018 -0.25594115595980105 -0.80551538929281752 1.7273556883909691 0.76814286749393168 2.0713327634873848 -0.0098957050621090534
decision_type=2 2 2 2 2 2 2
left_child=1 2 -1 4 -2 -5 -3
right_child=3 6 -4 5 -6 -7 -8
leaf_value=-0.0029858941055851459 0.00098033349684872265 -0.0052094184930885452 0.0017733821111463261 -0.0077068202162371468 0.0054161867228775199 0.0023268520010056902 -0.0014395417616929439
leaf_weight=129.77049644850194 567.77948143705726 144.03901566192508 395.38104232493788 47.065499421209097 141.0014927200973 31.581348031759262 413.51068427413702
leaf_count=570 2618 594 1723 182 600 137 1727
internal_value=-4.6911e-07 -0.000953124 0.000597307 0.00130941 0.00186279 -0.00367766 -0.00241347
internal_weight=1870.13 1082.7 525.152 787.428 708.781 78.6468 557.55
internal_count=8151 4614 2293 3537 3218 319 2321
is_linear=0
shrinkage=0.010754


Tree=82
num_leaves=8
num_cat=0
split_feature=7 25 21 18 11 13 3
split_gain=20.0239 25.8956 20.2953 12.8406 12.4759 7.75056 7.09934
threshold=-0.22276235832866909 -0.66257728794543469 0.92846237015732547 0.059494832740634745 -0.12054870473982161 -0.80551538929281752 0.1302242896177159
decision_type=2 2 2 2 2 2 2
left_child=3 6 -3 5 -5 -1 -2
right_child=1 2 -4 4 -6 -7 -8
leaf_value=-0.0046653347446828503 -0.0014324474513711357 0.0024583209698636689 -0.00085230440474868521 -0.008485003959977748 -0.0023261386789139981 0.00026128420040119279 -0.0075515542284696532
leaf_weight=43.73151121288538 342.44637206196785 740.79777175746858 301.22964876890182 54.391469448804855 126.51974283158779 237.4409882761538 23.427879579365253
leaf_count=184 1517 3279 1239 210 563 1045 114
internal_value=-4.72121e-07 0.000637057 0.00150128 -0.00194294 -0.00417784 -0.000504952 -0.00182428
internal_weight=1869.99 1407.9 1042.03 462.084 180.911 281.172 365.874
internal_count=8151 6149 4518 2002 773 1229 1631
is_linear=0
shrinkage=0.010754


Tree=83
num_leaves=8
num_cat=0
split_feature=3 25 19 3 17 26 11
split_gain=19.8815 26.2222 23.889 15.7439 7.41475 8.97057 8.43812
threshold=-0.15721296692281708 0.53951069680372932 2.1784981943052029 -0.10809807065161695 -0.45722516861225215 0.94365140745486931 -1.451811063023613
decision_type=2 2 2 2 2 2 2
left_child=4 3 -3 -2 6 -6 -1
right_child=1 2 -4 -5 5 -7 -8
leaf_value=0.0064453855532264652 0.00080443183652080421 0.0038281211213253381 -0.0066822780461875354 -0.0017555103591095111 -0.0023135396994977378 -0.0074712368431557388 -0.001364238874879778
leaf_weight=18.395837351679802 668.68573612812907 338.13767850026488 27.006708204746246 475.35079250484705 168.6611206792295 50.730507858097553 122.8692870605737
leaf_count=79 2924 1369 83 2199 723 215 559
internal_value=-4.74974e-07 0.000541612 0.00305074 -0.000259229 -0.00226887 -0.00350619 -0.000347225
internal_weight=1869.84 1509.18 365.144 1144.04 360.657 219.392 141.265
internal_count=8151 6575 1452 5123 1576 938 638
is_linear=0
shrinkage=0.010754


Tree=84
num_leaves=7
num_cat=0
split_feature=16 19 13 11 3 4
split_gain=19.7269 20.481 18.6422 18.291 17.2015 12.8712
threshold=-0.050288902005573018 -0.25594115595980105 -0.80551538929281752 -1.4116424797303582 -0.15152996165696486 -0.013094654043385013
decision_type=2 2 2 2 2 2
left_child=1 2 -1 -2 -5 -3
right_child=3 5 -4 4 -6 -7
leaf_value=-0.0029577709331794727 0.0084782740002827938 -0.0051674050986807362 0.0017409538409879333 -0.002013854817286556 0.001826350665629097 -0.001420781532217827
leaf_weight=129.66572796180844 38.962126344442368 142.50049659609795 395.51858983933926 176.53424748778343 571.91920833289623 414.5138215906918
leaf_count=570 128 588 1723 782 2627 1733
internal_value=-4.76581e-07 -0.000942745 0.000580851 0.00129454 0.000920574 -0.00237928
internal_weight=1869.61 1082.2 525.184 787.416 748.453 557.014
internal_count=8151 4614 2293 3537 3409 2321
is_linear=0
shrinkage=0.010754


Tree=85
num_leaves=8
num_cat=0
split_feature=7 25 20 21 23 22 21
split_gain=19.5936 25.1007 20.0068 12.5115 8.62642 8.49147 6.96229
threshold=-0.22276235832866909 -0.66257728794543469 1.7273556883909691 0.21378454185236181 -1.0257736626735989 0.4975432289562392 0.82017785071717941
decision_type=2 2 2 2 2 2 2
left_child=3 6 -3 4 -1 -5 -2
right_child=1 2 -4 5 -6 -7 -8
leaf_value=-0.0039603420415921294 -0.0011182778908059327 0.0018871462802351553 -0.0039815169844494977 -0.0080528134731976363 0.00049938197620735792 -0.0027409313082188318 -0.00505202549388932
leaf_weight=65.066548109054565 302.76225929241627 969.91207477264106 72.179502092301846 47.496483061462641 218.94500127434731 130.25727853924036 62.833326615393162
leaf_count=275 1365 4246 272 206 969 552 266
internal_value=-4.77696e-07 0.000630085 0.00148065 -0.00192275 -0.000522319 -0.00416031 -0.00179436
internal_weight=1869.45 1407.69 1042.09 461.765 284.012 177.754 365.596
internal_count=8151 6149 4518 2002 1244 758 1631
is_linear=0
shrinkage=0.010754


Tree=86
num_leaves=7
num_cat=0
split_feature=4 25 19 24 21 13
split_gain=19.5471 22.2603 20.1392 13.2196 6.50623 2.4143
threshold=-0.41448025474624633 0.71974138225790296 2.1784981943052029 -0.80608312382651837 -0.046098304803988591 -0.45303368288211293
decision_type=2 2 2 2 2 2
left_child=4 3 -3 -2 -1 -6
right_child=1 2 -4 -5 5 -7
leaf_value=-0.0016344781159293813 -0.002721548247517414 0.0035291509281067061 -0.0055221398516005667 8.9881010215214446e-05 -0.0052706563113771908 -0.010323008086143663
leaf_weight=31.73140125721693 229.77068734914064 309.70590748265386 31.302339784801006 1222.6909024892375 20.106121778488159 24.000773459672928
leaf_count=146 1003 1258 105 5446 92 101
internal_value=-4.79995e-07 0.000225654 0.00269829 -0.000354867 -0.00534829 -0.00801998
internal_weight=1869.31 1793.47 341.008 1452.46 75.8383 44.1069
internal_count=8151 7812 1363 6449 339 193
is_linear=0
shrinkage=0.010754


Tree=87
num_leaves=8
num_cat=0
split_feature=13 11 11 19 5 16 18
split_gain=19.3987 21.1762 20.7586 20.6167 9.41315 14.7005 14.4764
threshold=-0.80551538929281752 -0.86388908984189727 0.24716927781785175 -0.27065236394480879 0.09602674542915017 -0.43967037559207151 -0.76926763461068748
decision_type=2 2 2 2 2 2 2
left_child=4 3 -3 -2 5 -1 -6
right_child=1 2 -4 -5 6 -7 -8
leaf_value=-0.0064698939553007742 0.0059794603497093412 -0.0013783984882775938 0.0012944610552347909 -8.1599598060248476e-05 -0.0048879426645101216 0.00028775032197813597 0.0037425221888296358
leaf_weight=112.66143716312945 143.46357253193855 704.853411430493 642.212442740798 118.52086862921715 39.327975250780582 55.602439004927874 52.457612935453653
leaf_count=465 556 3100 2946 460 170 238 216
internal_value=-4.81221e-07 0.000439955 -0.000104112 0.00323744 -0.00272569 -0.00423682 4.45267e-05
internal_weight=1869.1 1609.05 1347.07 261.984 260.049 168.264 91.7856
internal_count=8151 7062 6046 1016 1089 703 386
is_linear=0
shrinkage=0.010754


Tree=88
num_leaves=5
num_cat=0
split_feature=15 0 21 3
split_gain=19.1157 21.588 21.1264 9.85525
threshold=-3.1413712419830415 -1.345538176365672 0.23544144574039105 -0.03550366306757375
decision_type=2 2 2 2
left_child=-1 3 -3 -2
right_child=1 2 -4 -5
leaf_value=0.0072046571419748942 -0.0026309777193364685 0.0015517670980381543 -0.00089133566351531403 -0.0095529532077818797
leaf_weight=41.635494403541088 147.26797545328736 748.97040759772062 902.70549779944122 28.371081411838531
leaf_count=132 618 3417 3869 115
internal_value=-4.831e-07 -0.000164655 0.000216513 -0.00374911
internal_weight=1868.95 1827.31 1651.68 175.639
internal_count=8151 8019 7286 733
is_linear=0
shrinkage=0.010754


Tree=89
num_leaves=8
num_cat=0
split_feature=3 25 19 3 17 0 0
split_gain=19.0929 24.8488 22.8113 15.5494 7.16921 8.98228 8.19133
threshold=-0.15721296692281708 0.53951069680372932 2.1784981943052029 -0.10809807065161695 -0.45722516861225215 1.5791473808602283 -0.66407553321460655
decision_type=2 2 2 2 2 2 2
left_child=4 3 -3 -2 6 -6 -1
right_child=1 2 -4 -5 5 -7 -8
leaf_value=-0.0027557882513996722 0.00080774805367210339 0.0037307843952405786 -0.0065580651915851601 -0.0017368647863867681 -0.0041666826834732117 0.0031215425214941067 0.0024374015875413368
leaf_weight=75.37737144343555 668.53282511886209 338.27758061885834 26.902305945754051 475.08691292256117 197.21498059108853 21.708384796977043 65.779357969760895
leaf_count=340 2924 1369 83 2199 844 94 298
internal_value=-4.81564e-07 0.000530524 0.00297281 -0.000249341 -0.0022255 -0.00344397 -0.000335722
internal_weight=1868.88 1508.8 365.18 1143.62 360.08 218.923 141.157
internal_count=8151 6575 1452 5123 1576 938 638
is_linear=0
shrinkage=0.010754


Tree=90
num_leaves=7
num_cat=0
split_feature=4 25 5 24 22 11
split_gain=19.0313 21.2726 21.0312 13.4895 6.42222 5.17799
threshold=-0.41448025474624633 0.76814286749393168 0.2653156420711848 -0.80608312382651837 0.47937305028108529 -0.48709918022492033
decision_type=2 2 2 2 2 2
left_child=4 3 -3 -2 5 -1
right_child=1 2 -4 -5 -6 -7
leaf_value=-0.0062243909355756627 -0.00271455101814524 0.0041916765441255572 -0.0023004346082416238 0.0001157867081358471 -0.0089690244931907685 0.0011645175945352566
leaf_weight=22.481243573129177 231.19573455303907 251.83707336708903 74.86198141053319 1235.1234933892265 31.746331185102463 21.416800741106272
leaf_count=103 1009 1000 301 5502 135 101
internal_value=-4.83091e-07 0.000222429 0.00270402 -0.000330472 -0.00528427 -0.00261943
internal_weight=1868.66 1793.02 326.699 1466.32 75.6444 43.898
internal_count=8151 7812 1301 6511 339 204
is_linear=0
shrinkage=0.010754


Tree=91
num_leaves=8
num_cat=0
split_feature=16 14 20 3 13 10 11
split_gain=18.9153 20.1186 17.8223 17.8363 17.2908 16.1754 4.27616
threshold=-0.050288902005573018 1.1270784819885427 1.7273556883909691 -0.15152996165696486 -0.80551538929281752 2.0713327634873848 0.057545071827050938
decision_type=2 2 2 2 2 2 2
left_child=1 4 3 -2 -1 -4 -3
right_child=2 6 5 -5 -6 -7 -8
leaf_value=-0.0032178996606767301 -0.001286393476179344 -0.008800138556790172 -0.0076001901523003604 0.0027467823686222249 0.00018438636841520563 0.0023601624363084671 -0.0030205431340340335
leaf_weight=220.63609758764505 165.40281976014376 41.607803426682949 46.910358864814043 543.47099518403411 795.9458910273388 31.52867104113102 22.98626497387886
leaf_count=923 727 180 182 2491 3408 137 103
internal_value=-4.83888e-07 -0.000923821 0.00126748 0.00180571 -0.000554032 -0.00359656 -0.00674349
internal_weight=1868.49 1081.18 787.313 708.874 1016.58 78.439 64.5941
internal_count=8151 4614 3537 3218 4331 319 283
is_linear=0
shrinkage=0.010754


Tree=92
num_leaves=8
num_cat=0
split_feature=7 25 2 18 11 2 3
split_gain=18.6672 24.0792 19.6381 12.2655 12.0147 7.60177 6.949
threshold=-0.22276235832866909 -0.66257728794543469 -1.6395237784954169 0.059494832740634745 -0.12054870473982161 0.84663898323384401 0.1302242896177159
decision_type=2 2 2 2 2 2 2
left_child=3 6 -3 5 -5 -1 -2
right_child=1 2 -4 4 -6 -7 -8
leaf_value=-0.0013784230907212937 -0.0013735722889097329 -0.004335850317697904 0.0018244499317911357 -0.0083101263041420789 -0.0022506888179367143 0.00298528234392591 -0.0074379213376434107
leaf_weight=222.54345760494471 341.92445263173431 63.745754197239876 978.3107855822891 54.052950143814087 126.20519781112671 58.253793872892857 23.344697505235672
leaf_count=974 1517 273 4245 210 563 255 114
internal_value=-4.86766e-07 0.00061477 0.0014476 -0.0018785 -0.00406772 -0.000473121 -0.00176116
internal_weight=1868.38 1407.33 1042.06 461.055 180.258 280.797 365.269
internal_count=8151 6149 4518 2002 773 1229 1631
is_linear=0
shrinkage=0.010754


Tree=93
num_leaves=7
num_cat=0
split_feature=4 25 19 3 21 13
split_gain=18.5082 20.7285 23.4759 13.3428 6.33063 2.38399
threshold=-0.41448025474624633 0.44030807602653638 2.4626937842261909 -0.026343390632834068 -0.046098304803988591 -0.45303368288211293
decision_type=2 2 2 2 2 2
left_child=4 3 -3 -2 -1 -6
right_child=1 2 -4 -5 5 -7
leaf_value=-0.001553749325609639 3.1843861350809715e-05 0.0027517075402304636 -0.0069827539885396663 -0.0027758934576432785 -0.0051291612198229855 -0.010166375490848053
leaf_weight=31.658673338592052 1073.2968834135681 449.49033376574516 30.601518921554089 239.39724210649729 20.005231693387032 23.796681895852089
leaf_count=146 4739 1845 102 1126 92 101
internal_value=-4.8922e-07 0.000219109 0.00213122 -0.000480203 -0.00521774 -0.00786587
internal_weight=1868.25 1792.79 480.092 1312.69 75.4606 43.8019
internal_count=8151 7812 1947 5865 339 193
is_linear=0
shrinkage=0.010754


Tree=94
num_leaves=8
num_cat=0
split_feature=13 21 7 5 5 18 16
split_gain=18.4683 20.5724 25.689 12.2291 9.23886 14.2068 14.199
threshold=-0.80551538929281752 0.92846237015732547 -0.19518294826748547 0.63456342882809602 0.09602674542915017 -0.76926763461068748 -0.43967037559207151
decision_type=2 2 2 2 2 2 2
left_child=4 2 -2 -3 6 -6 -1
right_child=1 3 -4 -5 5 -7 -8
leaf_value=-0.0063614691655162871 -0.00076617550769045653 -0.0022628316884868074 0.0024154662547401749 0.0048221171700249229 -0.0048101821619296829 0.0037451633423465918 0.00028422467601591265
leaf_weight=112.31466016732156 495.02308546565473 362.00131878629327 720.86901916190982 30.552749127149582 39.245774544775486 52.442794136703014 55.578702468425035
leaf_count=465 2193 1511 3235 123 170 216 238
internal_value=-4.90795e-07 0.000429071 0.00112013 -0.0017114 -0.0026622 8.31458e-05 -0.00416148
internal_weight=1868.03 1608.45 1215.89 392.554 259.582 91.6886 167.893
internal_count=8151 7062 5428 1634 1089 386 703
is_linear=0
shrinkage=0.010754


Tree=95
num_leaves=8
num_cat=0
split_feature=16 14 20 3 13 10 11
split_gain=18.327 19.5882 17.3534 17.353 16.5246 15.8693 4.19835
threshold=-0.050288902005573018 1.1270784819885427 1.7273556883909691 -0.15152996165696486 -0.80551538929281752 2.0713327634873848 0.057545071827050938
decision_type=2 2 2 2 2 2 2
left_child=1 4 3 -2 -1 -4 -3
right_child=2 6 5 -5 -6 -7 -8
leaf_value=-0.0031519809990933406 -0.0012729685013097543 -0.0087025694243029871 -0.00752743541126387 0.002705795373137631 0.00017624535360015656 0.0023423356676316887 -0.0029696107446153881
leaf_weight=220.2699216324836 165.31581039354205 41.471584305167198 46.815832480788231 543.70577566325665 795.89800059515983 31.527722507715225 22.950884081423283
leaf_count=923 727 180 182 2491 3408 137 103
internal_value=-4.93445e-07 -0.000909764 0.0012474 0.0017781 -0.000545195 -0.0035555 -0.00666023
internal_weight=1867.96 1080.59 787.365 709.022 1016.17 78.3436 64.4225
internal_count=8151 4614 3537 3218 4331 319 283
is_linear=0
shrinkage=0.010754


Tree=96
num_leaves=5
num_cat=0
split_feature=15 0 21 3
split_gain=18.2827 20.415 20.538 9.72081
threshold=-3.1413712419830415 -1.345538176365672 0.23544144574039105 -0.03550366306757375
decision_type=2 2 2 2
left_child=-1 3 -3 -2
right_child=1 2 -4 -5
leaf_value=0.0070479001980791696 -0.0025405573294724421 0.0015255054701821473 -0.00088369835432586664 -0.0094271423544228725
leaf_weight=41.612100191414356 146.90513489488512 749.01443560421467 902.04252130538225 28.266859784722328
leaf_count=132 618 3417 3869 115
internal_value=-4.96071e-07 -0.000161102 0.000209253 -0.00365184
internal_weight=1867.84 1826.23 1651.06 175.172
internal_count=8151 8019 7286 733
is_linear=0
shrinkage=0.010754


Tree=97
num_leaves=8
num_cat=0
split_feature=3 25 20 3 17 0 11
split_gain=18.0178 23.4116 21.8118 15.3011 7.01046 8.79236 8.04185
threshold=-0.15721296692281708 0.53951069680372932 1.7933685877772831 -0.11516005066596856 -0.45722516861225215 1.5791473808602283 -1.451811063023613
decision_type=2 2 2 2 2 2 2
left_child=4 3 -3 -2 6 -6 -1
right_child=1 2 -4 -5 5 -7 -8
leaf_value=0.0063358984877930494 0.00089882558377588529 0.0038404514654877932 -0.0043464708493548736 -0.0015987955378270991 -0.0040881175686668441 0.0031243436828066727 -0.0012899340832437591
leaf_weight=18.392528608441353 620.92535299155861 322.6131298430264 42.604931354522705 522.26879091188312 196.6815895922482 21.703533597290516 122.57510156836361
leaf_count=79 2714 1296 156 2409 844 94 559
internal_value=-4.94294e-07 0.000515043 0.00288539 -0.00024221 -0.00216452 -0.00337131 -0.000294937
internal_weight=1867.76 1508.41 365.218 1143.19 359.353 218.385 140.968
internal_count=8151 6575 1452 5123 1576 938 638
is_linear=0
shrinkage=0.010754


Tree=98
num_leaves=7
num_cat=0
split_feature=16 19 11 13 3 4
split_gain=17.9567 19.1579 16.9569 16.7263 15.6375 12.1623
threshold=-0.050288902005573018 -0.25594115595980105 -1.4116424797303582 -0.82199113096062859 -0.15152996165696486 -0.013094654043385013
decision_type=2 2 2 2 2 2
left_child=1 3 -2 -1 -4 -3
right_child=2 5 4 -5 -6 -7
leaf_value=-0.0032832389308941998 0.0081557602465180488 -0.0050113933891912333 -0.0019281829717025546 0.0015288519013164979 0.0017368023439640805 -0.0013613242101491946
leaf_weight=104.24848355166614 38.915417596697807 141.74623043090105 176.04473469778895 420.45148285850883 572.40934611856937 413.72482031397521
leaf_count=463 128 588 782 1830 2627 1733
internal_value=-4.94831e-07 -0.00090081 0.00123462 0.000572768 0.000874752 -0.00229276
internal_weight=1867.54 1080.17 787.369 524.7 748.454 555.471
internal_count=8151 4614 3537 2293 3409 2321
is_linear=0
shrinkage=0.010754


Tree=99
num_leaves=8
num_cat=0
split_feature=7 25 2 21 22 3 17
split_gain=17.8876 23.2058 18.9999 11.8167 8.62615 8.26717 6.85419
threshold=-0.22276235832866909 -0.66257728794543469 -1.6395237784954169 0.21378454185236181 0.4975432289562392 -0.15829765996575962 -0.53372974949512819
decision_type=2 2 2 2 2 2 2
left_child=3 6 -3 5 -5 -1 -2
right_child=1 2 -4 4 -6 -7 -8
leaf_value=-0.0047349083701769051 0.00026113730490855261 -0.0042751270476947874 0.0017893826956172521 -0.007951695920607663 -0.0025865777634143531 0.00031311411690145696 -0.0028217151045968666
leaf_weight=44.506242960691452 129.00156703405082 63.630948849022388 978.32754844613373 47.30811733007431 129.6259855106473 239.00191484391689 235.96089170873165
leaf_count=193 578 273 4245 206 552 1051 1053
internal_value=-4.9529e-07 0.000601626 0.00141903 -0.00184034 -0.00402111 -0.000479331 -0.00173202
internal_weight=1867.36 1406.92 1041.96 460.442 176.934 283.508 364.962
internal_count=8151 6149 4518 2002 758 1244 1631
is_linear=0
shrinkage=0.010754


Tree=100
num_leaves=7
num_cat=0
split_feature=4 25 5 24 22 11
split_gain=17.723 19.8144 20.2791 12.6611 6.19366 5.08271
threshold=-0.41448025474624633 0.76814286749393168 0.2653156420711848 -0.80608312382651837 0.47937305028108529 -0.48709918022492033
decision_type=2 2 2 2 2 2
left_child=4 3 -3 -2 5 -1
right_child=1 2 -4 -5 -6 -7
leaf_value=-0.0060824039830526628 -0.0026327320595083059 0.0040689139738493462 -0.0023086406189500503 0.00011216689266803724 -0.0087592171698497139 0.0012521268434138697
leaf_weight=22.369746312499046 230.64148714393377 251.89730793610215 74.777712304145098 1234.7512685656548 31.418974429368973 21.359439285472035
leaf_count=103 1009 1000 301 5502 135 101
internal_value=-4.97088e-07 0.000214049 0.00260904 -0.000319856 -0.00511686 -0.00249978
internal_weight=1867.22 1792.07 326.675 1465.39 75.1482 43.7292
internal_count=8151 7812 1301 6511 339 204
is_linear=0
shrinkage=0.010754


Tree=101
num_leaves=7
num_cat=0
split_feature=11 23 11 22 19 4
split_gain=17.4947 20.1755 16.8812 14.5223 17.9101 9.67385
threshold=-1.4116424797303582 -0.90117548969652395 0.24716927781785175 -1.4284957106100757 -0.25594115595980105 0.010309627693914672
decision_type=2 2 2 2 2 2
left_child=3 5 -3 -1 -5 -2
right_child=1 2 -4 4 -6 -7
leaf_value=-0.0028304018731599148 -0.0089678173008397415 -0.00087876703898777462 0.0013928174113667499 0.0090703557144542375 0.00076140620356543822 -0.0025415586531519559
leaf_weight=33.140704065561295 36.599322713911533 938.5126583725214 633.88757196813822 64.52924670279026 56.07405873388052 104.2923788279295
leaf_count=135 155 4092 2891 224 202 452
internal_value=-4.97442e-07 -0.00031234 3.69827e-05 0.00347459 0.00520717 -0.00421093
internal_weight=1867.04 1713.29 1572.4 153.744 120.603 140.892
internal_count=8151 7590 6983 561 426 607
is_linear=0
shrinkage=0.010754


Tree=102
num_leaves=7
num_cat=0
split_feature=20 25 3 16 10 3
split_gain=17.5414 25.112 21.7158 17.4553 16.4765 7.57258
threshold=1.7273556883909691 -0.062155692935020171 -0.15683708264605609 0.3557102266373916 2.0713327634873848 -0.14611939431322268
decision_type=2 2 2 2 2 2
left_child=1 3 -3 -1 5 -2
right_child=4 2 -4 -5 -6 -7
leaf_value=-0.0015711243637132734 -0.003464869145498599 -0.0019789471061665538 0.0026199999990788414 0.0019617928340202786 0.0018736431528481232 -0.010778641612329901
leaf_weight=808.33611842803657 29.73739031329751 147.41717816889286 610.41442603990436 202.18890391290188 32.342014506459236 36.433065667748451
leaf_count=3587 119 640 2600 940 140 125
internal_value=-4.9633e-07 0.000245543 0.00172538 -0.000864244 -0.00441708 -0.00749185
internal_weight=1866.87 1768.36 757.832 1010.53 98.5125 66.1705
internal_count=8151 7767 3240 4527 384 244
is_linear=0
shrinkage=0.010754


Tree=103
num_leaves=7
num_cat=0
split_feature=4 25 20 2 21 13
split_gain=17.2843 19.3484 24.5184 10.7363 6.13144 2.35634
threshold=-0.41448025474624633 -0.79445445351635591 1.7273556883909691 -0.085539947580752881 -0.046098304803988591 -0.45303368288211293
decision_type=2 2 2 2 2 2
left_child=4 3 -3 -2 -1 -6
right_child=1 2 -4 -5 5 -7
leaf_value=-0.0014516310439322585 -0.0039535578470976818 0.0011438767430022308 -0.0045771873711580877 -0.00024391775506836031 -0.0049535226185070903 -0.0099824810833461872
leaf_weight=31.558344274759293 172.28341857157648 1337.3325707800686 92.633389532566071 189.44018123298883 19.874246679246426 23.547014437615871
leaf_count=146 776 5842 359 835 92 101
internal_value=-4.97817e-07 0.000211192 0.000773263 -0.00201077 -0.00505903 -0.00768078
internal_weight=1866.67 1791.69 1429.97 361.724 74.9796 43.4213
internal_count=8151 7812 6201 1611 339 193
is_linear=0
shrinkage=0.010754


Tree=104
num_leaves=8
num_cat=0
split_feature=13 21 7 5 5 18 16
split_gain=17.255 19.8211 24.2804 11.9835 9.05764 13.9535 13.5886
threshold=-0.80551538929281752 0.92846237015732547 -0.19518294826748547 0.63456342882809602 0.09602674542915017 -0.76926763461068748 -0.43967037559207151
decision_type=2 2 2 2 2 2 2
left_child=4 2 -2 -3 6 -6 -1
right_child=1 3 -4 -5 5 -7 -8
leaf_value=-0.0062233870307160481 -0.00074284065165325158 -0.002234880588762457 0.0023512289762268692 0.0047771335608238711 -0.0047150236136638147 0.0037718455675760793 0.00028393231634232791
leaf_weight=111.85119193792343 494.44264972954988 361.48962585628033 721.08521784842014 30.569998905062675 39.139807552099228 52.397966351360083 55.538618560880423
leaf_count=465 2193 1511 3235 123 170 216 238
internal_value=-4.99847e-07 0.000414467 0.00109264 -0.00168812 -0.00257689 0.000142978 -0.00406429
internal_weight=1866.52 1607.59 1215.53 392.06 258.928 91.5378 167.39
internal_count=8151 7062 5428 1634 1089 386 703
is_linear=0
shrinkage=0.010754


Tree=105
num_leaves=5
num_cat=0
split_feature=15 0 21 3
split_gain=17.0839 19.4738 19.7791 9.67576
threshold=-3.1413712419830415 -1.345538176365672 0.23544144574039105 -0.03550366306757375
decision_type=2 2 2 2
left_child=-1 3 -3 -2
right_child=1 2 -4 -5
leaf_value=0.0068166851880623264 -0.002459815545719387 0.001497157001600954 -0.00086767347386270299 -0.0093398855922619799
leaf_weight=41.566133581101894 146.54484848212451 748.99187011644244 901.14230818115175 28.187532395124435
leaf_count=132 618 3417 3869 115
internal_value=-5.02156e-07 -0.000155784 0.000205715 -0.00356972
internal_weight=1866.43 1824.87 1650.13 174.732
internal_count=8151 8019 7286 733
is_linear=0
shrinkage=0.010754


Tree=106
num_leaves=7
num_cat=0
split_feature=16 14 11 13 3 11
split_gain=16.9412 18.8435 16.1238 15.316 14.8855 4.13897
threshold=-0.050288902005573018 1.1270784819885427 -1.4116424797303582 -0.80551538929281752 -0.15152996165696486 0.057545071827050938
decision_type=2 2 2 2 2 2
left_child=1 3 -2 -1 -4 -3
right_child=2 5 4 -5 -6 -7
leaf_value=-0.0030330004226339527 0.007951216387429471 -0.0085627775303271647 -0.0018889487495824045 0.00017565098295323046 0.0016884331756382501 -0.0028593309535261372
leaf_weight=219.53731451928616 38.87887467443943 41.265292264521122 175.811718352139 795.29616010468453 572.68769130855799 22.874462634325027
leaf_count=923 128 180 782 3408 2627 103
internal_value=-5.00168e-07 -0.000875756 0.00119889 -0.000518468 0.000848152 -0.00652879
internal_weight=1866.35 1078.97 787.378 1014.83 748.499 64.1398
internal_count=8151 4614 3537 4331 3409 283
is_linear=0
shrinkage=0.010754


Tree=107
num_leaves=7
num_cat=0
split_feature=4 25 5 24 18 11
split_gain=16.8092 18.9481 19.6678 12.0613 6.05045 4.38612
threshold=-0.41448025474624633 0.76814286749393168 0.2653156420711848 -0.80608312382651837 0.23516012998324731 -0.48709918022492033
decision_type=2 2 2 2 2 2
left_child=4 3 -3 -2 5 -1
right_child=1 2 -4 -5 -6 -7
leaf_value=-0.0061092938719308296 -0.0025738746090043108 0.0039874296925261664 -0.0022957689986815512 0.00010720667821113743 -0.0089062179013676933 0.0005148877926066137
leaf_weight=21.838689588010311 230.24236949533224 251.90007003396749 74.700303018093109 1234.5633518286049 28.38879981637001 24.559103447943926
leaf_count=101 1009 1000 301 5502 123 115
internal_value=-4.99966e-07 0.000208034 0.00255032 -0.000314211 -0.00499569 -0.00260292
internal_weight=1866.19 1791.41 326.6 1464.81 74.7866 46.3978
internal_count=8151 7812 1301 6511 339 216
is_linear=0
shrinkage=0.010754


Tree=108
num_leaves=7
num_cat=0
split_feature=20 25 3 16 10 3
split_gain=16.6979 24.0811 20.853 16.7622 16.1558 7.51548
threshold=1.7273556883909691 -0.062155692935020171 -0.15683708264605609 0.3557102266373916 2.0713327634873848 -0.14611939431322268
decision_type=2 2 2 2 2 2
left_child=1 3 -3 -1 5 -2
right_child=4 2 -4 -5 -6 -7
leaf_value=-0.0015413475353133119 -0.0033501271538642482 -0.0019447939856392141 0.0025642552888627407 0.0019201105037425182 0.001913964276095331 -0.010649508250963721
leaf_weight=807.64168725069612 29.632367037236691 147.2129928059876 610.59574953466654 202.32205664739013 32.307488076388836 36.29696936160326
leaf_count=3587 119 640 2600 940 140 125
internal_value=-5.0005e-07 0.000239309 0.00168832 -0.000847923 -0.00431591 -0.00736881
internal_weight=1866.01 1767.77 757.809 1009.96 98.2368 65.9293
internal_count=8151 7767 3240 4527 384 244
is_linear=0
shrinkage=0.010754


Tree=109
num_leaves=8
num_cat=0
split_feature=7 25 2 18 11 2 3
split_gain=16.5827 21.5899 18.286 11.5682 11.4639 7.43967 6.84254
threshold=-0.22276235832866909 -0.66257728794543469 -1.6395237784954169 0.059494832740634745 -0.12054870473982161 0.84663898323384401 0.1302242896177159
decision_type=2 2 2 2 2 2 2
left_child=3 6 -3 5 -5 -1 -2
right_child=1 2 -4 4 -6 -7 -8
leaf_value=-0.0013063512148771732 -0.0012894688722739208 -0.0042257310371754796 0.0017298003043432751 -0.0080735416659691167 -0.0021323415263120389 0.0030141842121089958 -0.0073190159485574035
leaf_weight=221.96900394186378 341.1434848504141 63.492604780942202 978.49831475131214 53.565737970173359 125.71354056149721 58.170537535101175 23.250573106110096
leaf_count=974 1517 273 4245 210 563 255 114
internal_value=-5.01331e-07 0.00057895 0.0013669 -0.00177434 -0.0039075 -0.000409185 -0.0016742
internal_weight=1865.8 1406.38 1041.99 459.419 179.279 280.14 364.394
internal_count=8151 6149 4518 2002 773 1229 1631
is_linear=0
shrinkage=0.010754


Tree=110
num_leaves=7
num_cat=0
split_feature=11 23 11 22 19 4
split_gain=16.5141 19.1049 15.6392 14.0554 17.2757 9.49453
threshold=-1.4116424797303582 -0.90117548969652395 0.24716927781785175 -1.4284957106100757 -0.25594115595980105 0.010309627693914672
decision_type=2 2 2 2 2 2
left_child=3 5 -3 -1 -5 -2
right_child=1 2 -4 4 -6 -7
leaf_value=-0.0028301071053476921 -0.0088296063000080829 -0.00084637116469226824 0.0013402869566428847 0.0088778549677803152 0.00071557321841742981 -0.0024493173101253225
leaf_weight=33.101205304265022 36.418759062886238 937.41804497409612 634.16066437587142 64.47450739890337 56.068783901631832 104.01507982611656
leaf_count=135 155 4092 2891 224 202 452
internal_value=-5.03251e-07 -0.000303607 3.59827e-05 0.00337686 0.00508133 -0.00410395
internal_weight=1865.66 1712.01 1571.58 153.644 120.543 140.434
internal_count=8151 7590 6983 561 426 607
is_linear=0
shrinkage=0.010754


Tree=111
num_leaves=7
num_cat=0
split_feature=20 25 3 16 10 3
split_gain=16.448 23.1636 20.3024 16.1697 15.7985 7.40791
threshold=1.7273556883909691 -0.062155692935020171 -0.15683708264605609 0.3557102266373916 2.0713327634873848 -0.14611939431322268
decision_type=2 2 2 2 2 2
left_child=1 3 -3 -1 5 -2
right_child=4 2 -4 -5 -6 -7
leaf_value=-0.00151104666709505 -0.0033187211674360474 -0.0019278576531274185 0.0025221377926758154 0.0018882795101157243 0.0018702016522385691 -0.010571361874285399
leaf_weight=806.98932679928839 29.602258305996656 147.12978464365005 610.79012382775545 202.42290220037103 32.333126328885555 36.215577907860279
leaf_count=3587 119 640 2600 940 140 125
internal_value=-5.0181e-07 0.000237465 0.00165829 -0.000829357 -0.00428544 -0.00730947
internal_weight=1865.48 1767.33 757.92 1009.41 98.151 65.8178
internal_count=8151 7767 3240 4527 384 244
is_linear=0
shrinkage=0.010754


Tree=112
num_leaves=7
num_cat=0
split_feature=4 25 20 2 21 13
split_gain=16.2825 17.9944 23.066 10.4573 5.98443 2.33072
threshold=-0.41448025474624633 -0.79445445351635591 1.7273556883909691 -0.085539947580752881 -0.046098304803988591 -0.45303368288211293
decision_type=2 2 2 2 2 2
left_child=4 3 -3 -2 -1 -6
right_child=1 2 -4 -5 5 -7
leaf_value=-0.0013587763769879557 -0.0038611294795779768 0.001105169626949987 -0.0044525816125124363 -0.00019639513479311922 -0.0048098216197381407 -0.0098292234079974204
leaf_weight=31.469849534332752 171.83963911514729 1337.3457598611712 92.322926953434944 189.1957616135478 19.765368336811662 23.334504015743732
leaf_count=146 776 5842 359 835 92 101
internal_value=-5.0293e-07 0.000204531 0.000746267 -0.00194069 -0.0049242 -0.00752745
internal_weight=1865.27 1790.7 1429.67 361.035 74.5697 43.0999
internal_count=8151 7812 6201 1611 339 193
is_linear=0
shrinkage=0.010754


Tree=113
num_leaves=8
num_cat=0
split_feature=13 21 7 7 5 18 16
split_gain=16.2546 19.2111 22.9775 11.8603 8.9145 13.7102 13.0606
threshold=-0.80551538929281752 0.92846237015732547 -0.19518294826748547 0.9683536470328401 0.09602674542915017 -0.76926763461068748 -0.43967037559207151
decision_type=2 2 2 2 2 2 2
left_child=4 2 -2 -3 6 -6 -1
right_child=1 3 -4 -5 5 -7 -8
leaf_value=-0.0061051336057844612 -0.00071744865229265238 -0.0023458610584027222 0.002293326115965669 0.0035074461953019426 -0.0046277751193260679 0.0037922426370038389 0.00027962015804533925
leaf_weight=111.44050935283303 493.88561270199716 346.35588878765702 721.25911785662174 45.266696907579899 39.041083559393883 52.357925605028868 55.506789948791265
leaf_count=465 2193 1448 3235 186 170 216 238
internal_value=-5.0468e-07 0.000402055 0.00106962 -0.00166928 -0.00250421 0.000195589 -0.0039823
internal_weight=1865.11 1606.77 1215.14 391.623 258.346 91.399 166.947
internal_count=8151 7062 5428 1634 1089 386 703
is_linear=0
shrinkage=0.010754


Tree=114
num_leaves=7
num_cat=0
split_feature=11 23 11 22 19 4
split_gain=16.0513 18.5799 15.0454 13.6987 16.814 9.30945
threshold=-1.4116424797303582 -0.90117548969652395 0.24716927781785175 -1.4284957106100757 -0.25594115595980105 0.010309627693914672
decision_type=2 2 2 2 2 2
left_child=3 5 -3 -1 -5 -2
right_child=1 2 -4 4 -6 -7
leaf_value=-0.0028005075642262788 -0.0087386595306499591 -0.00083055541521163175 0.0013142823770614103 0.0087579143284133836 0.00070485871667454885 -0.0024124414771796456
leaf_weight=33.07865597307682 36.301394172012806 936.906972957775 634.30580315366387 64.4633923843503 56.061839908361435 103.90585516393185
leaf_count=135 155 4092 2891 224 202 452
internal_value=-5.06712e-07 -0.000299396 3.53229e-05 0.00332963 0.0050121 -0.00405041
internal_weight=1865.02 1711.42 1571.21 153.604 120.525 140.207
internal_count=8151 7590 6983 561 426 607
is_linear=0
shrinkage=0.010754


Tree=115
num_leaves=7
num_cat=0
split_feature=4 25 5 17 19 25
split_gain=15.8596 17.8549 19.0087 11.8432 5.92838 2.63943
threshold=-0.41448025474624633 0.76814286749393168 0.2653156420711848 1.4876320521524498 -0.34888026410465961 0.83406141807818124
decision_type=2 2 2 2 2 2
left_child=4 3 -3 -2 -1 -6
right_child=1 2 -4 -5 5 -7
leaf_value=-0.00099845282691755194 -6.1982821219347994e-05 0.0038876641646344162 -0.0022918747876286651 -0.004146938799678106 -0.005193964148074934 -0.010476726380417091
leaf_weight=28.364800866693258 1376.6314281681553 251.91590287908912 74.620164040476084 87.284914512187243 28.124244898557663 17.904481209814548
leaf_count=137 6147 1000 301 364 123 79
internal_value=-5.05086e-07 0.000201647 0.0024755 -0.000305548 -0.00486582 -0.00724897
internal_weight=1864.85 1790.45 326.536 1463.92 74.3935 46.0287
internal_count=8151 7812 1301 6511 339 202
is_linear=0
shrinkage=0.010754


Tree=116
num_leaves=8
num_cat=0
split_feature=13 21 7 16 5 18 16
split_gain=15.8751 18.7223 22.5897 12.3415 8.73917 13.4145 12.7808
threshold=-0.80551538929281752 0.82017785071717941 -0.16757940041505437 -0.086539329817970398 0.09602674542915017 -0.76926763461068748 -0.43967037559207151
decision_type=2 2 2 2 2 2 2
left_child=4 2 -2 -3 6 -6 -1
right_child=1 3 -4 -5 5 -7 -8
leaf_value=-0.0060439718423299614 -0.00024059443228167769 -0.0038064125618587083 0.0028146177345245867 -0.00015309851760863329 -0.0045791861258357878 0.0037512261035770422 0.00027411309900732397
leaf_weight=111.23886679112911 613.49740961194038 161.38450713455677 514.67657851055264 316.99471380934119 38.992942973971367 52.394416123628616 55.501629870384932
leaf_count=465 2734 661 2318 1349 170 216 238
internal_value=-5.04735e-07 0.000397232 0.0011532 -0.00138558 -0.00247598 0.000196782 -0.0039409
internal_weight=1864.68 1606.55 1128.17 478.379 258.128 91.3874 166.74
internal_count=8151 7062 5052 2010 1089 386 703
is_linear=0
shrinkage=0.010754


Tree=117
num_leaves=5
num_cat=0
split_feature=15 0 21 3
split_gain=15.7342 18.1243 19.1647 9.6733
threshold=-3.1413712419830415 -1.345538176365672 0.23544144574039105 -0.03550366306757375
decision_type=2 2 2 2
left_child=-1 3 -3 -2
right_child=1 2 -4 -5
leaf_value=0.0065484572042096697 -0.0023377972205407644 0.0014700241009794909 -0.00085849474362181203 -0.0092297664737979786
leaf_weight=41.483227401971817 146.01040853466839 748.80463377013803 900.19934845715761 28.08281983435154
leaf_count=132 618 3417 3869 115
internal_value=-5.06825e-07 -0.000149526 0.000198872 -0.00344956
internal_weight=1864.58 1823.1 1649 174.093
internal_count=8151 8019 7286 733
is_linear=0
shrinkage=0.010754


Tree=118
num_leaves=7
num_cat=0
split_feature=20 25 3 10 16 3
split_gain=15.5757 22.2703 19.5037 15.4777 15.4459 7.32224
threshold=1.7273556883909691 -0.062155692935020171 -0.15683708264605609 2.0713327634873848 0.3557102266373916 -0.14611939431322268
decision_type=2 2 2 2 2 2
left_child=1 4 -3 5 -1 -2
right_child=3 2 -4 -5 -6 -7
leaf_value=-0.0014826206371172377 -0.0032050328651629018 -0.0018941067613137913 0.0024700500839963404 0.0019164958469773301 0.0018390163238933431 -0.010430015986923816
leaf_weight=806.28325641527772 29.494291737675667 146.90978584438562 610.87663169950247 32.294519901275635 202.57899900525808 36.05650433152914
leaf_count=3587 119 640 2600 140 940 125
internal_value=-5.04616e-07 0.000230812 0.00162398 -0.00417708 -0.000815634 -0.00717923
internal_weight=1864.49 1766.65 757.786 97.8453 1008.86 65.5508
internal_count=8151 7767 3240 384 4527 244
is_linear=0
shrinkage=0.010754


Tree=119
num_leaves=8
num_cat=0
split_feature=7 25 2 21 22 3 17
split_gain=15.5031 20.2374 17.5955 11.2123 8.83789 7.65729 6.90605
threshold=-0.22276235832866909 -0.66257728794543469 -1.6395237784954169 0.21378454185236181 0.4975432289562392 -0.15829765996575962 -0.53372974949512819
decision_type=2 2 2 2 2 2 2
left_child=3 6 -3 5 -5 -1 -2
right_child=1 2 -4 4 -6 -7 -8
leaf_value=-0.0045050518821403724 0.00038000451577869246 -0.0041702771970538715 0.0016777316094224884 -0.0078364607137596867 -0.002391845365831766 0.00037059454252834725 -0.0027191649619678218
leaf_weight=44.148319147527218 128.60773578006774 63.353912394493818 978.52066981419921 47.084020983427763 128.80927842110395 238.48862361162901 235.26701951771975
leaf_count=193 578 273 4245 206 552 1051 1053
internal_value=-5.05558e-07 0.00055958 0.00132212 -0.00171761 -0.00384931 -0.000390975 -0.00162378
internal_weight=1864.28 1405.75 1041.87 458.53 175.893 282.637 363.875
internal_count=8151 6149 4518 2002 758 1244 1631
is_linear=0
shrinkage=0.010754


Tree=120
num_leaves=7
num_cat=0
split_feature=11 23 21 22 19 4
split_gain=15.408 17.9341 14.3874 13.3502 16.2717 9.15164
threshold=-1.4116424797303582 -0.90117548969652395 0.82017785071717941 -1.4284957106100757 -0.25594115595980105 0.010309627693914672
decision_type=2 2 2 2 2 2
left_child=3 5 -3 -1 -5 -2
right_child=1 2 -4 4 -6 -7
leaf_value=-0.0027919333178167026 -0.0086404643983443424 0.00067595243849155465 -0.0016181450373597725 0.0086105314084627561 0.00068699570164424393 -0.0023586216615739089
leaf_weight=33.046345017850399 36.173652932047844 1132.0059378249571 438.67489256337285 64.422704890370369 56.055277369916439 103.7429578229785
leaf_count=135 155 5123 1860 224 202 452
internal_value=-5.0679e-07 -0.000293412 3.52322e-05 0.00326307 0.00492395 -0.00398274
internal_weight=1864.12 1710.6 1570.68 153.524 120.478 139.917
internal_count=8151 7590 6983 561 426 607
is_linear=0
shrinkage=0.010754


Tree=121
num_leaves=8
num_cat=0
split_feature=13 11 19 11 5 3 16
split_gain=15.4396 18.1523 17.6241 16.9737 8.55518 13.4433 12.4405
threshold=-0.80551538929281752 -0.86388908984189727 -0.19937237849848158 0.24716927781785175 0.09602674542915017 -0.11516005066596856 -0.43967037559207151
decision_type=2 2 2 2 2 2 2
left_child=4 2 -2 -3 6 -6 -1
right_child=1 3 -4 -5 5 -7 -8
leaf_value=-0.0059728320259013496 0.0053308809015282137 -0.0012685818298465961 -0.00033716538166127539 0.0011502951009307962 0.0030944601264114397 -0.0056807359586956282 0.00026299160373204479
leaf_weight=110.9980654809624 153.23129075393081 701.9829723732546 108.26921711862087 642.63582123443484 61.235854931175709 30.12127273529768 55.497542858123779
leaf_count=465 596 3100 420 2946 257 129 238
internal_value=-5.0505e-07 0.000391657 0.00298412 -0.000112521 -0.00244323 0.000201155 -0.00389424
internal_weight=1863.97 1606.12 261.501 1344.62 257.853 91.3571 166.496
internal_count=8151 7062 1016 6046 1089 386 703
is_linear=0
shrinkage=0.010754


Tree=122
num_leaves=7
num_cat=0
split_feature=4 25 8 17 21 13
split_gain=15.2956 17.0548 18.7376 11.4702 5.85719 2.30392
threshold=-0.41448025474624633 0.76814286749393168 -0.73089226700660859 1.4876320521524498 -0.046098304803988591 -0.45303368288211293
decision_type=2 2 2 2 2 2
left_child=4 3 -3 -2 -1 -6
right_child=1 2 -4 -5 5 -7
leaf_value=-0.001256965142934742 -5.8455832606689562e-05 -0.0017334884606503324 0.0040185215769999493 -0.0040816589339819831 -0.0046678427376906665 -0.009676441667300608
leaf_weight=31.36704970151186 1376.0798325752839 90.693363361060619 235.73979361727834 87.14407754316926 19.654278744012117 23.121463783085346
leaf_count=146 6147 339 962 364 92 101
internal_value=-5.05735e-07 0.000197784 0.00242042 -0.000298065 -0.00478687 -0.00737522
internal_weight=1863.8 1789.66 326.433 1463.22 74.1428 42.7757
internal_count=8151 7812 1301 6511 339 193
is_linear=0
shrinkage=0.010754


Tree=123
num_leaves=7
num_cat=0
split_feature=20 25 3 10 16 3
split_gain=15.2756 21.2612 18.8859 15.0903 14.9097 7.22784
threshold=1.7273556883909691 -0.062155692935020171 -0.15683708264605609 2.0713327634873848 0.3557102266373916 -0.14611939431322268
decision_type=2 2 2 2 2 2
left_child=1 4 -3 5 -1 -2
right_child=3 2 -4 -5 -6 -7
leaf_value=-0.0014504037659014753 -0.0031589456943834702 -0.0018744055557901472 0.002421744100618909 0.0018725757871097311 0.0018128834291066408 -0.010344862102025775
leaf_weight=805.53785772062838 29.444503996521235 146.76293078437448 610.97269466146827 32.315978743135929 202.65533903613687 35.960278898477554
leaf_count=3587 119 640 2600 140 940 125
internal_value=-5.05454e-07 0.000228524 0.00158963 -0.00413938 -0.000794452 -0.0071099
internal_weight=1863.65 1765.93 757.736 97.7208 1008.19 65.4048
internal_count=8151 7767 3240 384 4527 244
is_linear=0
shrinkage=0.010754


Tree=124
num_leaves=8
num_cat=0
split_feature=13 14 25 0 5 3 16
split_gain=15.0577 17.8899 19.5644 14.9002 8.37877 13.1886 12.1739
threshold=-0.80551538929281752 1.1983093799569013 -0.01628929346145162 1.3016921785155313 0.09602674542915017 -0.11516005066596856 -0.43967037559207151
decision_type=2 2 2 2 2 2 2
left_child=4 2 -2 -3 6 -6 -1
right_child=1 3 -4 -5 5 -7 -8
leaf_value=-0.0059107212557762611 -0.00028666493364376468 -0.0048294453757510361 0.0022932935291732652 0.00075356696019300172 0.0030659788037231558 -0.0056287278357217072 0.0002599477622106427
leaf_weight=110.79168774187565 774.68987169768661 128.22086517885327 605.70116886496544 97.185964111238718 61.265515338629484 30.082712903618813 55.493939701467752
leaf_count=465 3463 576 2584 439 257 129 238
internal_value=-5.06222e-07 0.000386705 0.000845391 -0.00242227 -0.00241396 0.000202602 -0.00385138
internal_weight=1863.43 1605.8 1380.39 225.407 257.634 91.3482 166.286
internal_count=8151 7062 6047 1015 1089 386 703
is_linear=0
shrinkage=0.010754


Tree=125
num_leaves=7
num_cat=0
split_feature=20 25 3 10 16 3
split_gain=14.9435 20.4452 18.4599 14.7829 14.5576 7.09014
threshold=1.7273556883909691 -0.062155692935020171 -0.15683708264605609 2.0713327634873848 0.3557102266373916 -0.14611939431322268
decision_type=2 2 2 2 2 2
left_child=1 4 -3 5 -1 -2
right_child=3 2 -4 -5 -6 -7
leaf_value=-0.0014262158292506694 -0.0031289068880958814 -0.0018650844618612751 0.0023826495462457081 0.0018502085960448204 0.0017981874452818042 -0.010252655201229196
leaf_weight=805.05212416686118 29.415224920958281 146.72410431876779 611.17914817482233 32.327059753239155 202.70527581125498 35.855858512222767
leaf_count=3587 119 640 2600 140 940 125
internal_value=-5.08035e-07 0.000225917 0.00156032 -0.00409683 -0.00077764 -0.00704231
internal_weight=1863.26 1765.66 757.903 97.5981 1007.76 65.2711
internal_count=8151 7767 3240 384 4527 244
is_linear=0
shrinkage=0.010754


Tree=126
num_leaves=8
num_cat=0
split_feature=7 25 2 18 11 2 3
split_gain=14.9121 19.0429 17.0831 11.0136 10.9891 7.30913 6.81389
threshold=-0.22276235832866909 -0.66257728794543469 -1.6395237784954169 0.059494832740634745 -0.12054870473982161 0.84663898323384401 0.1302242896177159
decision_type=2 2 2 2 2 2 2
left_child=3 6 -3 5 -5 -1 -2
right_child=1 2 -4 4 -6 -7 -8
leaf_value=-0.0012440349516723921 -0.0011867476730826813 -0.0041283509484927186 0.0016382938181810176 -0.0078716327439717956 -0.0020352555830176022 0.0030418606458216639 -0.0072146848672142213
leaf_weight=221.42774996906519 340.1943978285417 63.250539362430573 978.48028843663633 53.130965337157249 125.29981243610382 58.090144600719213 23.164181269705296
leaf_count=974 1517 273 4245 210 563 255 114
internal_value=-5.08693e-07 0.000548761 0.00128816 -0.0016858 -0.00377316 -0.000353315 -0.00157104
internal_weight=1863.04 1405.09 1041.73 457.949 178.431 279.518 363.359
internal_count=8151 6149 4518 2002 773 1229 1631
is_linear=0
shrinkage=0.010754


Tree=127
num_leaves=7
num_cat=0
split_feature=4 25 20 2 18 11
split_gain=14.8215 16.2029 20.2041 11.1149 5.77794 4.35811
threshold=-0.41448025474624633 -0.83721074264479667 1.7273556883909691 -0.085539947580752881 0.23516012998324731 -0.48709918022492033
decision_type=2 2 2 2 2 2
left_child=4 3 -3 -2 5 -1
right_child=1 2 -4 -5 -6 -7
leaf_value=-0.005891316919568762 -0.0041353145871048554 0.00099485874978769736 -0.0042079632981322423 -0.00010188476443528631 -0.0085824615776926277 0.0007376361339453643
leaf_weight=21.64907356351614 150.02973270788789 1379.9185283482075 92.078500244766474 166.92938605695963 27.885490603744984 24.391313459724188
leaf_count=101 682 6029 360 741 123 115
internal_value=-5.10197e-07 0.000194483 0.000669402 -0.00201108 -0.00471927 -0.00237934
internal_weight=1862.88 1788.96 1472 316.959 73.9259 46.0404
internal_count=8151 7812 6389 1423 339 216
is_linear=0
shrinkage=0.010754


Tree=128
num_leaves=8
num_cat=0
split_feature=13 21 7 7 5 18 16
split_gain=14.6552 17.8392 21.0664 11.6908 8.23237 13.2077 11.8748
threshold=-0.80551538929281752 0.92846237015732547 -0.19518294826748547 0.9683536470328401 0.09602674542915017 -0.76926763461068748 -0.43967037559207151
decision_type=2 2 2 2 2 2 2
left_child=4 2 -2 -3 6 -6 -1
right_child=1 3 -4 -5 5 -7 -8
leaf_value=-0.0058465114660501806 -0.00068877688948866121 -0.0022903047200270353 0.0021952394006917986 0.0035236267458721936 -0.0045332782772298874 0.0037366487095350561 0.00025019964698326942
leaf_weight=110.56156615167856 493.09318139124662 345.51642714440823 721.51255220919847 45.235024854540825 38.933462202548981 52.383972398936749 55.488837510347366
leaf_count=465 2193 1448 3235 186 170 216 238
internal_value=-5.11552e-07 0.000381417 0.00102441 -0.00161725 -0.00238285 0.000210697 -0.00380916
internal_weight=1862.73 1605.36 1214.61 390.751 257.368 91.3174 166.05
internal_count=8151 7062 5428 1634 1089 386 703
is_linear=0
shrinkage=0.010754


Tree=129
num_leaves=7
num_cat=0
split_feature=11 23 11 22 19 4
split_gain=14.5871 16.4446 14.4109 11.9484 15.5278 8.52947
threshold=-1.2762486175123986 -0.90117548969652395 0.24716927781785175 -1.4284957106100757 -0.23623316048269019 0.010309627693914672
decision_type=2 2 2 2 2 2
left_child=3 5 -3 -1 -5 -2
right_child=1 2 -4 4 -6 -7
leaf_value=-0.0024828360459423202 -0.0084103854744405245 -0.00087031768917828812 0.0012435950974146695 0.0075176110133763612 0.00052028282785055509 -0.0022970022227922497
leaf_weight=38.414936576038599 35.611180737614632 904.70661141071469 634.54401228576899 78.570612475275993 68.788248561322689 101.98522513359785
leaf_count=159 154 3967 2891 282 252 446
internal_value=-5.13118e-07 -0.000317283 1.12371e-06 0.00285872 0.00425123 -0.00387923
internal_weight=1862.62 1676.85 1539.25 185.774 147.359 137.596
internal_count=8151 7458 6858 693 534 600
is_linear=0
shrinkage=0.010754


Tree=130
num_leaves=7
num_cat=0
split_feature=4 25 5 17 21 13
split_gain=14.4382 16.0236 18.2663 11.1723 5.75087 2.27709
threshold=-0.41448025474624633 0.76814286749393168 0.2653156420711848 1.4876320521524498 -0.046098304803988591 -0.45303368288211293
decision_type=2 2 2 2 2 2
left_child=4 3 -3 -2 -1 -6
right_child=1 2 -4 -5 5 -7
leaf_value=-0.0011634794276849539 -5.2685820608302584e-05 0.003730264573405116 -0.0023304590887855388 -0.00402657088125864 -0.0045438662828394911 -0.0095396519666576009
leaf_weight=31.276368923485279 1375.3121203100309 251.84602469950914 74.528544969856739 86.994845315814018 19.557502470910549 22.925021328032017
leaf_count=146 6147 1000 301 364 92 101
internal_value=-5.11463e-07 0.000191764 0.00234627 -0.000289101 -0.00466331 -0.00723986
internal_weight=1862.44 1788.68 326.375 1462.31 73.7589 42.4825
internal_count=8151 7812 1301 6511 339 193
is_linear=0
shrinkage=0.010754


Tree=131
num_leaves=8
num_cat=0
split_feature=13 21 23 26 5 3 16
split_gain=14.328 17.6167 24 19.7704 8.08131 12.9561 11.6219
threshold=-0.80551538929281752 0.23544144574039105 -0.40355074793523404 -0.062252210680540217 0.09602674542915017 -0.11516005066596856 -0.43967037559207151
decision_type=2 2 2 2 2 2 2
left_child=4 3 -3 -2 6 -6 -1
right_child=1 2 -4 -5 5 -7 -8
leaf_value=-0.0057901063404783926 0.00015106540058459656 -0.0036204240695782907 0.00041258905342403634 0.0037799731947953438 0.0030485587509687384 -0.0055737075560923326 0.00024319335890225912
leaf_weight=110.36732150427997 426.92505647148937 230.79692476987839 654.75439739972353 292.63385743647814 61.268943797796965 30.034606352448463 55.486182920634747
leaf_count=465 1971 995 2805 1291 257 129 238
internal_value=-5.10861e-07 0.00037705 -0.000638511 0.00162689 -0.00235717 0.000212192 -0.00377165
internal_weight=1862.27 1605.11 885.551 719.559 257.157 91.3036 165.854
internal_count=8151 7062 3800 3262 1089 386 703
is_linear=0
shrinkage=0.010754


Tree=132
num_leaves=4
num_cat=0
split_feature=15 8 4
split_gain=14.2418 17.6064 13.84
threshold=-3.1413712419830415 -2.0307049337391478 -0.41448025474624633
decision_type=2 2 2
left_child=-1 -2 -3
right_child=1 2 -4
leaf_value=0.0062390222671259736 -0.009427313101940997 -0.0046543761620830258 0.00017039525585867637
leaf_weight=41.366417653858662 23.315743498504162 71.611681153997779 1725.7981202481315
leaf_count=132 83 330 7606
internal_value=-5.12721e-07 -0.000142276 -2.18291e-05
internal_weight=1862.09 1820.73 1797.41
internal_count=8151 8019 7936
is_linear=0
shrinkage=0.010754


Tree=133
num_leaves=7
num_cat=0
split_feature=20 25 3 10 16 3
split_gain=14.23 19.3063 17.6556 14.4606 13.8831 7.01955
threshold=1.7273556883909691 -0.062155692935020171 -0.15683708264605609 2.0713327634873848 0.3557102266373916 -0.14611939431322268
decision_type=2 2 2 2 2 2
left_child=1 4 -3 5 -1 -2
right_child=3 2 -4 -5 -6 -7
leaf_value=-0.0013896897518733452 -0.0030258540696044161 -0.0018362227193744439 0.002320534621413523 0.0018776344913975344 0.0017588289049275383 -0.010127818751465317
leaf_weight=804.11832758691162 29.311504423618317 146.49269454181194 611.25408275797963 32.2968924716115 202.81344024464488 35.701726190745831
leaf_count=3587 119 640 2600 140 940 125
internal_value=-5.09681e-07 0.000220254 0.00151692 -0.00400402 -0.00075552 -0.00692593
internal_weight=1861.99 1764.68 757.747 97.3101 1006.93 65.0132
internal_count=8151 7767 3240 384 4527 244
is_linear=0
shrinkage=0.010754


Tree=134
num_leaves=8
num_cat=0
split_feature=7 2 25 18 11 2 5
split_gain=14.0958 18.0375 18.6933 10.5632 10.7167 7.1569 6.51691
threshold=-0.22276235832866909 -1.6395237784954169 -0.66257728794543469 0.059494832740634745 -0.12054870473982161 0.84663898323384401 0.041343347627518109
decision_type=2 2 2 2 2 2 2
left_child=3 6 -3 5 -5 -1 -2
right_child=1 2 -4 4 -6 -7 -8
leaf_value=-0.001218174866034866 -0.0064471631907108062 -0.0013210941123876086 0.0015959489061971564 -0.0077479568939502431 -0.0019724851249397573 0.0030233267332072438 -3.2221609701752019e-05
leaf_weight=221.19812010601163 55.571085300296545 343.162991207093 978.51199653372169 52.866045758128166 125.04438500851393 58.089602217078209 27.319876176305115
leaf_count=974 243 1539 4245 210 563 255 122
internal_value=-5.10141e-07 0.000533358 0.000838558 -0.00164062 -0.00368869 -0.000335962 -0.00433292
internal_weight=1861.76 1404.57 1321.67 457.198 177.91 279.288 82.891
internal_count=8151 6149 5784 2002 773 1229 365
is_linear=0
shrinkage=0.010754


Tree=135
num_leaves=7
num_cat=0
split_feature=11 23 21 22 19 4
split_gain=13.9898 15.8476 14.1639 11.6844 15.0361 8.37578
threshold=-1.2762486175123986 -0.90117548969652395 0.82017785071717941 -1.4284957106100757 -0.23623316048269019 0.010309627693914672
decision_type=2 2 2 2 2 2
left_child=3 5 -3 -1 -5 -2
right_child=1 2 -4 4 -6 -7
leaf_value=-0.0024843388302595742 -0.0083115886243178786 0.00064410955678984808 -0.0016553118486101273 0.0073930256600525683 0.00050572955924608272 -0.002243686165344675
leaf_weight=38.381553582847118 35.475453414022923 1108.6905736802146 429.94722215086222 78.521870627999306 68.763887658715248 101.82068797200918
leaf_count=159 154 5030 1828 282 252 446
internal_value=-5.11518e-07 -0.000310808 1.57118e-06 0.00280037 0.00417755 -0.00381158
internal_weight=1861.6 1675.93 1538.64 185.667 147.286 137.296
internal_count=8151 7458 6858 693 534 600
is_linear=0
shrinkage=0.010754


Tree=136
num_leaves=8
num_cat=0
split_feature=13 21 23 26 5 18 16
split_gain=13.9316 17.1066 23.1398 18.9626 7.89032 12.9044 11.3154
threshold=-0.80551538929281752 0.23544144574039105 -0.40355074793523404 -0.062252210680540217 0.09602674542915017 -0.76926763461068748 -0.43967037559207151
decision_type=2 2 2 2 2 2 2
left_child=4 3 -3 -2 6 -6 -1
right_child=1 2 -4 -5 5 -7 -8
leaf_value=-0.0057203110231366528 0.00015739673501636575 -0.003560872643596974 0.00040203519622288378 0.0037112340699399855 -0.0044818298291555989 0.0036951283638658938 0.00023544753387982339
leaf_weight=110.12105714529753 426.81066111568362 230.36334689706564 654.66102553158998 292.73222159594297 38.876539573073387 52.410406578332186 55.477440305054188
leaf_count=465 1971 995 2805 1291 170 216 238
internal_value=-5.0979e-07 0.00037174 -0.000629467 0.00160321 -0.00232569 0.000212748 -0.00372504
internal_weight=1861.45 1604.57 885.024 719.543 256.885 91.2869 165.598
internal_count=8151 7062 3800 3262 1089 386 703
is_linear=0
shrinkage=0.010754


Tree=137
num_leaves=7
num_cat=0
split_feature=20 25 0 10 16 3
split_gain=13.8824 18.4975 17.2988 14.1748 13.4914 6.91864
threshold=1.7273556883909691 -0.062155692935020171 -2.0325250327979796 2.0713327634873848 0.3557102266373916 -0.14611939431322268
decision_type=2 2 2 2 2 2
left_child=1 4 -3 5 -1 -2
right_child=3 2 -4 -5 -6 -7
leaf_value=-0.0013637595440148477 -0.0029828685882783371 -0.0086124394901136332 0.0017479380371323607 0.0018625685241416563 0.0017399887213529199 -0.010041229668498967
leaf_weight=803.48761821631342 29.267188958823681 19.12081590294838 738.63220980018377 32.301576502621174 202.86018054187298 35.596506990492344
leaf_count=3587 119 72 3168 140 940 125
internal_value=-5.11499e-07 0.000217455 0.0014865 -0.00395789 -0.0007381 -0.00685648
internal_weight=1861.27 1764.1 757.753 97.1653 1006.35 64.8637
internal_count=8151 7767 3240 384 4527 244
is_linear=0
shrinkage=0.010754


Tree=138
num_leaves=8
num_cat=0
split_feature=3 11 1 14 17 26 27
split_gain=13.8015 17.9259 15.8444 7.92515 6.7719 8.66165 7.2563
threshold=-0.15721296692281708 -1.8334513772763383 -1.1968850340126769 -0.79288113888341394 -0.45722516861225215 0.94365140745486931 -0.22640379035210395
decision_type=2 2 2 2 2 2 2
left_child=4 3 -3 -2 6 -6 -1
right_child=1 2 -4 -5 5 -7 -8
leaf_value=-0.0062548453846093871 0.010453281003174549 -0.0032975981643085933 0.00058542312249901013 0.0020175687112790586 -0.0019225201369910004 -0.0070412304807852561 0.00090814022545807386
leaf_weight=18.914563074707985 28.583913043141365 133.85916518233716 1319.3009763918817 23.44560444355011 166.44840763509274 49.633186466991901 120.90125325135887
leaf_count=86 83 560 5841 91 723 215 552
internal_value=-5.12157e-07 0.000449803 0.000227732 0.00665205 -0.00190503 -0.00309829 -6.08544e-05
internal_weight=1861.09 1505.19 1453.16 52.0295 355.897 216.082 139.816
internal_count=8151 6575 6401 174 1576 938 638
is_linear=0
shrinkage=0.010754


Tree=139
num_leaves=8
num_cat=0
split_feature=7 2 25 18 11 2 5
split_gain=13.5632 17.4965 18.0324 10.1815 10.504 6.97838 6.35495
threshold=-0.22276235832866909 -1.6395237784954169 -0.66257728794543469 0.059494832740634745 -0.12054870473982161 0.84663898323384401 0.041343347627518109
decision_type=2 2 2 2 2 2 2
left_child=3 6 -3 5 -5 -1 -2
right_child=1 2 -4 4 -6 -7 -8
leaf_value=-0.0012017556117080734 -0.0063657301635076076 -0.001298548480912394 0.0015671244411032815 -0.0076517915235216841 -0.0019250600597096222 0.0029859449549568999 -2.7585665552588083e-05
leaf_weight=221.03967343270779 55.439081393182278 342.94622175395489 978.55355659872293 52.664996512234211 124.87108686566353 58.120470520108938 27.307874084450305
leaf_count=974 243 1539 4245 210 563 255 122
internal_value=-5.10322e-07 0.000523061 0.000823442 -0.00161039 -0.00362388 -0.000329872 -0.00427409
internal_weight=1860.94 1404.25 1321.5 456.696 177.536 279.16 82.747
internal_count=8151 6149 5784 2002 773 1229 365
is_linear=0
shrinkage=0.010754


Tree=140
num_leaves=7
num_cat=0
split_feature=20 25 13 10 16 3
split_gain=13.5892 17.9492 16.9115 13.8935 13.0942 6.8589
threshold=1.7273556883909691 -0.062155692935020171 -0.935891887126029 2.0713327634873848 0.3557102266373916 -0.14611939431322268
decision_type=2 2 2 2 2 2
left_child=1 4 -3 5 -1 -2
right_child=3 2 -4 -5 -6 -7
leaf_value=-0.0013433208874370458 -0.0029340161960235357 -0.0067382474924505571 0.0017796557112312542 0.0018410362079767505 0.0017140962294242917 -0.009968788369829687
leaf_weight=803.02331060636789 29.219584185630083 27.99005276709795 729.78348880074918 32.309131003916264 202.93949656561017 35.511106334626675
leaf_count=3587 119 98 3142 140 940 125
internal_value=-5.11561e-07 0.000215052 0.00146502 -0.00391851 -0.000726524 -0.00679334
internal_weight=1860.78 1763.74 757.774 97.0398 1005.96 64.7307
internal_count=8151 7767 3240 384 4527 244
is_linear=0
shrinkage=0.010754


Tree=141
num_leaves=7
num_cat=0
split_feature=4 25 8 3 22 11
split_gain=13.479 14.8956 17.8565 11.1911 5.61091 4.87731
threshold=-0.41448025474624633 0.76814286749393168 -0.73089226700660859 -0.026343390632834068 0.47937305028108529 -0.48709918022492033
decision_type=2 2 2 2 2 2
left_child=4 3 -3 -2 5 -1
right_child=1 2 -4 -5 -6 -7
leaf_value=-0.0055749360950794443 0.00016746364519124591 -0.0017954634298689644 0.003822905783445477 -0.0022630051279810995 -0.008068532982759483 0.0016668734702273461
leaf_weight=21.942284949123859 1192.7235921043903 90.571030274033546 235.59520161896944 268.40017884969711 30.262873969972134 21.095111237838864
leaf_count=103 5258 339 962 1253 135 101
internal_value=-5.12113e-07 0.000184852 0.00226276 -0.000278997 -0.00452032 -0.00202521
internal_weight=1860.59 1787.29 326.166 1461.12 73.3003 43.0374
internal_count=8151 7812 1301 6511 339 204
is_linear=0
shrinkage=0.010754


Tree=142
num_leaves=7
num_cat=0
split_feature=3 11 1 14 0 17
split_gain=13.4217 17.3783 15.4027 7.76015 6.69118 14.245
threshold=-0.15721296692281708 -1.8334513772763383 -1.1968850340126769 -0.79288113888341394 1.5791473808602283 1.4252580542241968
decision_type=2 2 2 2 2 2
left_child=4 3 -3 -2 5 -1
right_child=1 2 -4 -5 -6 -7
leaf_value=-0.0015265053923417826 0.010317330995704149 -0.0032529497744086273 0.000577404033292811 0.0019672665813932717 0.0038467042548435103 -0.0089984822576231072
leaf_weight=300.71827313210815 28.549712553620338 133.71992236189544 1319.1644348204136 23.441762089729309 22.129605643451214 32.718527808785439
leaf_count=1345 83 560 5841 91 97 134
internal_value=-5.114e-07 0.000443481 0.000224865 0.00655256 -0.00187965 -0.00225971
internal_weight=1860.44 1504.88 1452.88 51.9915 355.566 333.437
internal_count=8151 6575 6401 174 1576 1479
is_linear=0
shrinkage=0.010754


Tree=143
num_leaves=7
num_cat=0
split_feature=20 25 3 10 16 3
split_gain=13.3647 17.4416 16.5506 13.5765 12.7708 6.79668
threshold=1.7273556883909691 -0.062155692935020171 -0.15683708264605609 2.0713327634873848 0.3557102266373916 -0.14611939431322268
decision_type=2 2 2 2 2 2
left_child=1 4 -3 5 -1 -2
right_child=3 2 -4 -5 -6 -7
leaf_value=-0.0013246806396318925 -0.0028910383059853988 -0.0018041591779460507 0.0022226858600874672 0.0018011752538540961 0.0016945018776293556 -0.0099004854443608039
leaf_weight=802.62365776393563 29.17283907905221 146.27719703316689 611.45933774858713 32.327425301074982 203.0050364471972 35.430815599858761
leaf_count=3587 119 640 2600 140 940 125
internal_value=-5.09414e-07 0.000213196 0.00144532 -0.00388828 -0.000715198 -0.00673532
internal_weight=1860.3 1763.37 757.737 96.9311 1005.63 64.6037
internal_count=8151 7767 3240 384 4527 244
is_linear=0
shrinkage=0.010754


Tree=144
num_leaves=7
num_cat=0
split_feature=11 23 21 22 19 4
split_gain=13.247 15.1387 13.9212 11.3443 14.4599 8.20548
threshold=-1.2762486175123986 -0.90117548969652395 0.82017785071717941 -1.4284957106100757 -0.23623316048269019 0.010309627693914672
decision_type=2 2 2 2 2 2
left_child=3 5 -3 -1 -5 -2
right_child=1 2 -4 4 -6 -7
leaf_value=-0.0024848977227432969 -0.008195471358872863 0.00063960763915757034 -0.0016409924161734449 0.0072405448455196038 0.00048296490379528872 -0.0021772450896525531
leaf_weight=38.321148991584778 35.30585902184248 1108.1903946036473 429.51921547576785 78.403817944228649 68.719658248126507 101.60565040260553
leaf_count=159 154 5030 1828 282 252 446
internal_value=-5.09605e-07 -0.000302518 2.57869e-06 0.0027267 0.00408419 -0.00372922
internal_weight=1860.07 1674.62 1537.71 185.445 147.123 136.912
internal_count=8151 7458 6858 693 534 600
is_linear=0
shrinkage=0.010754


Tree=145
num_leaves=8
num_cat=0
split_feature=13 21 23 26 5 3 16
split_gain=13.1409 16.5978 22.2278 17.7034 7.71294 11.8945 10.9408
threshold=-0.80551538929281752 0.23544144574039105 -0.40355074793523404 -0.062252210680540217 0.13151516557581747 -0.11516005066596856 -0.43483649351036585
decision_type=2 2 2 2 2 2 2
left_child=4 3 -3 -2 6 -6 -1
right_child=1 2 -4 -5 5 -7 -8
leaf_value=-0.0053234752489460472 0.00017606229831849656 -0.0035029494976212506 0.00038458815930879825 0.0036099877172394083 0.0035400244343147284 -0.0055103912460616527 0.00033540423831278664
leaf_weight=121.18213609233499 426.54400423355401 229.84052871912718 654.35166231915355 292.8275063559413 51.657671380788088 24.883421115577221 58.626657627522945
leaf_count=513 1971 995 2805 1291 217 109 250
internal_value=-5.07735e-07 0.00036091 -0.00062595 0.00157388 -0.00226133 0.000597693 -0.00347838
internal_weight=1859.91 1603.56 884.192 719.372 256.35 76.5411 179.809
internal_count=8151 7062 3800 3262 1089 326 763
is_linear=0
shrinkage=0.010754


Tree=146
num_leaves=7
num_cat=0
split_feature=4 25 20 2 19 25
split_gain=13.0462 14.4624 18.0816 10.7036 5.54659 2.65755
threshold=-0.41448025474624633 -0.83721074264479667 1.7273556883909691 -0.085539947580752881 -0.34888026410465961 0.35448150083432051
decision_type=2 2 2 2 2 2
left_child=4 3 -3 -2 -1 -6
right_child=1 2 -4 -5 5 -7
leaf_value=-0.00070441428208433267 -0.0039958770232774374 0.00093723045051532497 -0.0039999990437832901 -3.1382835141755568e-05 -0.0042406123916273394 -0.0094698366037153196
leaf_weight=28.08894538320601 149.38734378758818 1379.197902534157 91.475061107426882 166.58731083571911 23.013060823082924 21.97713165730238
leaf_count=137 682 6029 360 741 101 101
internal_value=-5.09149e-07 0.000181655 0.000630135 -0.00190574 -0.00445412 -0.00679511
internal_weight=1859.73 1786.65 1470.67 315.975 73.0791 44.9902
internal_count=8151 7812 6389 1423 339 202
is_linear=0
shrinkage=0.010754


Tree=147
num_leaves=8
num_cat=0
split_feature=7 2 25 21 22 3 5
split_gain=12.9965 16.9081 16.9281 9.78728 9.29202 7.00189 6.1652
threshold=-0.22276235832866909 -1.6395237784954169 -0.66257728794543469 0.21378454185236181 0.4975432289562392 -0.15829765996575962 0.041343347627518109
decision_type=2 2 2 2 2 2 2
left_child=3 6 -3 5 -5 -1 -2
right_child=1 2 -4 4 -6 -7 -8
leaf_value=-0.0042918322531044894 -0.0062749647495532537 -0.0012506462344745544 0.0015272912548506116 -0.0076806748576894708 -0.002076795459240108 0.00038817496563372096 -2.7336070432233448e-05
leaf_weight=43.770162709057331 55.260956097394228 342.48901544138789 978.46940047293901 46.776312734931707 127.48946636170149 238.01695759221911 27.288281799294055
leaf_count=193 243 1539 4245 206 552 1051 122
internal_value=-5.1007e-07 0.000511972 0.000807044 -0.00157769 -0.00358101 -0.000338759 -0.00420974
internal_weight=1859.56 1403.51 1320.96 456.053 174.266 281.787 82.5492
internal_count=8151 6149 5784 2002 758 1244 365
is_linear=0
shrinkage=0.010754


Tree=148
num_leaves=7
num_cat=0
split_feature=16 14 11 3 19 11
split_gain=12.8786 16.7829 13.1926 12.4468 12.3794 4.00166
threshold=-0.050288902005573018 1.1270784819885427 -1.4116424797303582 -0.15152996165696486 -0.25594115595980105 0.057545071827050938
decision_type=2 2 2 2 2 2
left_child=1 4 -2 -4 -1 -3
right_child=2 5 3 -5 -6 -7
leaf_value=0.0007428725728189135 0.0071790589235742833 -0.0081605498287441163 -0.0017828196489220703 0.0014945735041693455 -0.0016392326703112553 -0.0025163341118985996
leaf_weight=512.28711270634085 38.556222349405289 40.612926468253136 174.89789054915309 573.26474383473396 497.1478265337646 22.620760425925255
leaf_count=2247 128 180 782 2627 2084 103
internal_value=-5.1083e-07 -0.00076699 0.00104456 0.000728412 -0.000430313 -0.00614149
internal_weight=1859.39 1072.67 786.719 748.163 1009.43 63.2337
internal_count=8151 4614 3537 3409 4331 283
is_linear=0
shrinkage=0.010754


Tree=149
num_leaves=8
num_cat=0
split_feature=13 21 7 5 5 18 16
split_gain=12.8104 16.4391 18.9296 11.5124 7.55984 12.6705 10.654
threshold=-0.80551538929281752 0.92846237015732547 -0.19518294826748547 0.63456342882809602 0.09602674542915017 -0.76926763461068748 -0.43967037559207151
decision_type=2 2 2 2 2 2 2
left_child=4 2 -2 -3 6 -6 -1
right_child=1 3 -4 -5 5 -7 -8
leaf_value=-0.0055518475885843414 -0.00065332354194664059 -0.0021045998432016556 0.0020824321626657072 0.0047732585027605318 -0.0044076727529391204 0.0037015600236760568 0.00023394652209951058
leaf_weight=109.51688088104129 491.92228731047362 359.09911683574319 721.53409783169627 30.538452856242657 38.783253505825996 52.376462820917368 55.437644202262163
leaf_count=465 2193 1511 3235 123 170 216 238
internal_value=-5.0962e-07 0.000356289 0.000973383 -0.00156553 -0.00223383 0.000251501 -0.00360734
internal_weight=1859.21 1603.09 1213.46 389.638 256.114 91.1597 164.955
internal_count=8151 7062 5428 1634 1089 386 703
is_linear=0
shrinkage=0.010754


Tree=150
num_leaves=7
num_cat=0
split_feature=11 23 21 22 19 4
split_gain=12.7466 14.5442 13.3664 11.0327 13.9466 8.05125
threshold=-1.2762486175123986 -0.90117548969652395 0.82017785071717941 -1.4284957106100757 -0.23623316048269019 0.010309627693914672
decision_type=2 2 2 2 2 2
left_child=3 5 -3 -1 -5 -2
right_child=1 2 -4 4 -6 -7
leaf_value=-0.0024667691738607515 -0.0080942869928586139 0.00062606758592677586 -0.0016094155203102262 0.0071155365487025231 0.00047715335979853305 -0.0021224627494054421
leaf_weight=38.28228722885251 35.161361210048199 1108.058360517025 429.11881937086582 78.35018640011549 68.690024547278881 101.42842780053616
leaf_count=159 154 5030 1828 282 252 446
internal_value=-5.10767e-07 -0.000296815 2.00689e-06 0.00267558 0.00401443 -0.00365978
internal_weight=1859.09 1673.77 1537.18 185.322 147.04 136.59
internal_count=8151 7458 6858 693 534 600
is_linear=0
shrinkage=0.010754


Tree=151
num_leaves=7
num_cat=0
split_feature=16 14 11 3 19 11
split_gain=12.633 16.378 12.7208 12.117 12.0307 3.94364
threshold=-0.050288902005573018 1.1270784819885427 -1.4116424797303582 -0.15152996165696486 -0.25594115595980105 0.057545071827050938
decision_type=2 2 2 2 2 2
left_child=1 4 -2 -4 -1 -3
right_child=2 5 3 -5 -6 -7
leaf_value=0.00072884674542894709 0.0070612381581485317 -0.0080837005164834681 -0.0017546707490566384 0.0014798434985261644 -0.0016197596681998625 -0.0024754842115558076
leaf_weight=512.30256342329085 38.520756110548973 40.497624635696411 174.77184000238776 573.35416317358613 496.89364177361131 22.592939663678408
leaf_count=2247 128 180 782 2627 2084 103
internal_value=-5.08754e-07 -0.000759835 0.00103453 0.000724214 -0.000427523 -0.00607544
internal_weight=1858.93 1072.29 786.647 748.126 1009.2 63.0906
internal_count=8151 4614 3537 3409 4331 283
is_linear=0
shrinkage=0.010754


Tree=152
num_leaves=7
num_cat=0
split_feature=20 25 13 10 3 3
split_gain=12.6286 16.3556 16.1709 13.3129 12.6312 6.79012
threshold=1.7273556883909691 -0.062155692935020171 -0.935891887126029 2.0713327634873848 -0.020000359779771968 -0.14611939431322268
decision_type=2 2 2 2 2 2
left_child=1 4 -3 5 -1 -2
right_child=3 2 -4 -5 -6 -7
leaf_value=-0.00016678189657556646 -0.0027635269593808114 -0.0066337100045873593 0.0017075594584104543 0.0018483043341361222 -0.003457925299306738 -0.0097853525990440199
leaf_weight=844.1768449191004 29.039116691797972 27.907061345875263 729.5625111926347 32.28448012471199 160.50584932416677 35.276174783706665
leaf_count=3754 119 98 3142 140 773 125
internal_value=-5.07488e-07 0.000207032 0.00140024 -0.00378643 -0.000692572 -0.00661498
internal_weight=1858.75 1762.15 757.47 96.5998 1004.68 64.3153
internal_count=8151 7767 3240 384 4527 244
is_linear=0
shrinkage=0.010754


Tree=153
num_leaves=7
num_cat=0
split_feature=4 24 25 14 21 13
split_gain=12.5838 13.9364 17.5774 10.4041 5.41944 2.23821
threshold=-0.41448025474624633 -0.80608312382651837 -0.79445445351635591 1.1732141451663705 -0.046098304803988591 -0.45303368288211293
decision_type=2 2 2 2 2 2
left_child=4 3 -3 -2 -1 -6
right_child=1 2 -4 -5 5 -7
leaf_value=-0.00098179343521657427 -0.0011491193866936358 -0.0017362379622250723 0.001166076337766951 -0.0069219208372820742 -0.0042273553452662673 -0.0092218302215243495
leaf_weight=31.078788094222546 234.74982575327158 301.65869385190308 1206.6808453015983 42.668858200311661 19.302373431622982 22.451280377805233
leaf_count=146 1010 1364 5249 189 92 101
internal_value=-5.07995e-07 0.000178195 0.000585629 -0.00203703 -0.00438212 -0.00691302
internal_weight=1858.59 1785.76 1508.34 277.419 72.8324 41.7537
internal_count=8151 7812 6613 1199 339 193
is_linear=0
shrinkage=0.010754


Tree=154
num_leaves=8
num_cat=0
split_feature=13 21 15 5 5 3 10
split_gain=12.5056 15.8809 18.2872 11.2624 7.41456 11.6358 10.5023
threshold=-0.80551538929281752 0.92846237015732547 -3.1413712419830415 0.63456342882809602 0.13151516557581747 -0.11516005066596856 -0.73500783567612049
decision_type=2 2 2 2 2 2 2
left_child=4 2 -2 -3 6 -6 -1
right_child=1 3 -4 -5 5 -7 -8
leaf_value=-0.00045825177841851765 0.0094578535456427883 -0.0020718795192214323 0.00075330658736749939 0.0047290636794538252 0.0035016871469388108 -0.0054539428055752305 -0.0057028988396686494
leaf_weight=78.620578715577722 28.586219266057014 358.71261424198747 1184.6623151376843 30.559049434959888 51.682573784142733 24.84332862496376 100.73618790879846
leaf_count=321 83 1511 5345 123 217 109 442
internal_value=-5.0884e-07 0.000352001 0.000958404 -0.00153797 -0.00220819 0.000594284 -0.00340394
internal_weight=1858.4 1602.52 1213.25 389.272 255.883 76.5259 179.357
internal_count=8151 7062 5428 1634 1089 326 763
is_linear=0
shrinkage=0.010754


Tree=155
num_leaves=7
num_cat=0
split_feature=3 25 19 3 0 17
split_gain=12.4194 16.0665 17.3514 15.9359 6.55718 13.807
threshold=-0.15721296692281708 0.53951069680372932 2.1784981943052029 -0.10809807065161695 1.5791473808602283 1.4252580542241968
decision_type=2 2 2 2 2 2
left_child=4 3 -3 -2 5 -1
right_child=1 2 -4 -5 -6 -7
leaf_value=-0.0014669602973427195 0.00087001379659081728 0.003046372776743334 -0.0060231388817204691 -0.0017108123251604122 0.0038590716916958173 -0.0088472775981304624
leaf_weight=299.93670851830393 665.96814515069127 338.099271312356 26.292403012514114 473.3705428391695 22.115058243274689 32.491204284131527
leaf_count=1345 2924 1369 83 2199 97 134
internal_value=-5.07696e-07 0.000426382 0.00239196 -0.00020226 -0.00181109 -0.00218832
internal_weight=1858.27 1503.73 364.392 1139.34 354.543 332.428
internal_count=8151 6575 1452 5123 1576 1479
is_linear=0
shrinkage=0.010754


Tree=156
num_leaves=7
num_cat=0
split_feature=16 14 11 3 19 11
split_gain=12.3389 15.8831 12.2347 11.8044 11.6388 3.88888
threshold=-0.050288902005573018 1.1270784819885427 -1.4116424797303582 -0.15152996165696486 -0.25594115595980105 0.057545071827050938
decision_type=2 2 2 2 2 2
left_child=1 4 -2 -4 -1 -3
right_child=2 5 3 -5 -6 -7
leaf_value=0.00071294538444701316 0.006936874483530228 -0.0079930533636148396 -0.001729812775074988 0.0014638431739399801 -0.0015976440677652676 -0.0024168223623111437
leaf_weight=512.23741572815925 38.471417427062988 40.35298228263855 174.61028712615371 573.34012305364013 496.48715645074844 22.548549845814705
leaf_count=2247 128 180 782 2627 2084 103
internal_value=-5.0781e-07 -0.000751247 0.00102249 0.000718273 -0.000424307 -0.00599418
internal_weight=1858.05 1071.63 786.422 747.95 1008.72 62.9015
internal_count=8151 4614 3537 3409 4331 283
is_linear=0
shrinkage=0.010754


Tree=157
num_leaves=7
num_cat=0
split_feature=20 16 21 25 10 3
split_gain=12.2523 15.6951 14.2285 13.1877 13.0471 6.75142
threshold=1.7273556883909691 -0.050288902005573018 0.47366738850871226 0.76814286749393168 2.0713327634873848 -0.14611939431322268
decision_type=2 2 2 2 2 2
left_child=1 2 -1 -3 5 -2
right_child=4 3 -4 -5 -6 -7
leaf_value=0.00017318927339348659 -0.0026950577834034583 0.00071106756199333524 -0.0025776947940321314 0.0043894642076148732 0.0018432993898800651 -0.0097070682649732978
leaf_weight=744.87520055938512 28.960044261068106 568.92103227227926 307.10075241327286 140.57121614739299 32.270792938768864 35.165158934891224
leaf_count=3247 119 2618 1302 600 140 125
internal_value=-5.06446e-07 0.00020379 -0.000629866 0.00143987 -0.00373371 -0.00654039
internal_weight=1857.86 1761.47 1051.98 709.492 96.396 64.1252
internal_count=8151 7767 4549 3218 384 244
is_linear=0
shrinkage=0.010754


Tree=158
num_leaves=8
num_cat=0
split_feature=13 21 23 26 5 18 16
split_gain=12.2491 15.4386 20.8789 16.3754 7.29543 12.5316 10.4359
threshold=-0.80551538929281752 0.23544144574039105 -0.40355074793523404 -0.062252210680540217 0.09602674542915017 -0.75815371218949257 -0.43967037559207151
decision_type=2 2 2 2 2 2 2
left_child=4 3 -3 -2 6 -6 -1
right_child=1 2 -4 -5 5 -7 -8
leaf_value=-0.0054666984999260206 0.00017299364015503849 -0.0033994820024030046 0.00037412596362031386 0.003475523154107108 -0.0043107323441176314 0.0037382279720459244 0.00026436624399891069
leaf_weight=109.18665182217956 426.40932654682547 228.94897666573524 653.74090043827891 292.91642291843891 39.438233785331249 51.689672715961933 55.382317367941141
leaf_count=465 1971 995 2805 1291 173 213 238
internal_value=-5.05895e-07 0.000348362 -0.000604655 0.00151782 -0.00218628 0.000254764 -0.003538
internal_weight=1857.71 1602.02 882.69 719.326 255.697 91.1279 164.569
internal_count=8151 7062 3800 3262 1089 386 703
is_linear=0
shrinkage=0.010754


Tree=159
num_leaves=7
num_cat=0
split_feature=4 24 25 26 17 0
split_gain=12.1703 13.6113 16.9691 10.077 5.30338 2.63558
threshold=-0.41448025474624633 -0.80608312382651837 -0.79445445351635591 -0.0076351115202030048 -0.40952045316378433 0.22592326338548341
decision_type=2 2 2 2 2 2
left_child=4 3 -3 -2 -1 -6
right_child=1 2 -4 -5 5 -7
leaf_value=-0.00091956567121575356 -0.0036343804436137876 -0.001704923614029184 0.001147852830653912 0.00058227257572279008 -0.004679485213717598 -0.010227882093121409
leaf_weight=30.684662513434887 170.72477776557207 301.37679484765977 1206.4244569651783 106.3891346976161 25.866446305066347 16.046105697751045
leaf_count=141 756 1364 5249 443 118 80
internal_value=-5.0708e-07 0.000175044 0.000577642 -0.00201552 -0.00431675 -0.00680377
internal_weight=1857.51 1784.92 1507.8 277.114 72.5972 41.9126
internal_count=8151 7812 6613 1199 339 198
is_linear=0
shrinkage=0.010754


Tree=160
num_leaves=7
num_cat=0
split_feature=20 16 21 25 10 3
split_gain=12.038 15.2354 13.8944 12.8229 12.7874 6.6591
threshold=1.7273556883909691 -0.050288902005573018 0.47366738850871226 0.76814286749393168 2.0713327634873848 -0.14611939431322268
decision_type=2 2 2 2 2 2
left_child=1 2 -1 -3 5 -2
right_child=4 3 -4 -5 -6 -7
leaf_value=0.0001737547951521675 -0.0026667662774807351 0.00070098754208402082 -0.0025456198025712415 0.0043280493947343707 0.0018148360043639166 -0.0096369194184850494
leaf_weight=744.68452474568039 28.927494142204523 568.94396293535829 306.81831166520715 140.5789910890162 32.283447615802288 35.07368490844965
leaf_count=3247 119 2618 1302 600 140 125
internal_value=-5.07638e-07 0.000201933 -0.000619729 0.00141963 -0.00370315 -0.00648659
internal_weight=1857.31 1761.03 1051.5 709.523 96.2846 64.0012
internal_count=8151 7767 4549 3218 384 244
is_linear=0
shrinkage=0.010754


Tree=161
num_leaves=7
num_cat=0
split_feature=13 14 25 0 23 5
split_gain=11.9995 14.1887 14.7395 13.6847 9.50406 6.63314
threshold=-0.82910426367437784 1.1983093799569013 -0.062155692935020171 1.3016921785155313 -0.86270009875574338 0.0080203516918849437
decision_type=2 2 2 2 2 2
left_child=4 2 -2 -3 -1 -6
right_child=1 3 -4 -5 5 -7
leaf_value=-0.0091519848973743208 -0.00031555368016310357 -0.0045481473003833274 0.001869132827872545 0.00081933482087720867 -0.0037320655058136398 0.00047920126849859235
leaf_weight=22.168627820909023 777.6936740912497 126.83664039894938 660.45318784192204 96.901031967252493 88.476732555776834 84.626372989267111
leaf_count=92 3495 576 2816 439 363 370
internal_value=-5.06998e-07 0.000295802 0.000687737 -0.00222347 -0.0025223 -0.00167325
internal_weight=1857.16 1661.88 1438.15 223.738 195.272 173.103
internal_count=8151 7326 6311 1015 825 733
is_linear=0
shrinkage=0.010754


Tree=162
num_leaves=5
num_cat=0
split_feature=15 0 21 3
split_gain=11.918 14.1728 16.0808 8.60917
threshold=-3.7727744737047511 -1.345538176365672 0.23544144574039105 -0.03550366306757375
decision_type=2 2 2 2
left_child=-1 3 -3 -2
right_child=1 2 -4 -5
leaf_value=0.0078767334958255858 -0.0019572270447205235 0.0013717888933893034 -0.00075412793450486059 -0.0084362686125981738
leaf_weight=21.949999548494816 147.18087122775614 754.63750858604908 904.92891488410532 28.275618083775043
leaf_count=66 628 3439 3902 116
internal_value=-5.07072e-07 -9.47345e-05 0.000212566 -0.00300138
internal_weight=1856.97 1835.02 1659.57 175.456
internal_count=8151 8085 7341 744
is_linear=0
shrinkage=0.010754


Tree=163
num_leaves=7
num_cat=0
split_feature=4 24 25 14 19 25
split_gain=11.9152 13.2143 16.4762 9.90278 5.22201 2.6535
threshold=-0.41448025474624633 -0.80608312382651837 -0.79445445351635591 1.1732141451663705 -0.34888026410465961 0.35448150083432051
decision_type=2 2 2 2 2 2
left_child=4 3 -3 -2 -1 -6
right_child=1 2 -4 -5 5 -7
leaf_value=-0.00063808873662330931 -0.0011212970559693377 -0.0016804469786479215 0.0011313480808936057 -0.0067679300808005443 -0.0040033054989399089 -0.0092602279100385734
leaf_weight=28.005498707294464 234.39798352867365 301.1738867610693 1206.4354837052524 42.419753566384315 22.774712666869164 21.678076229989529
leaf_count=137 1010 1364 5249 189 101 101
internal_value=-5.04076e-07 0.000173084 0.000569635 -0.00198661 -0.00427551 -0.00656701
internal_weight=1856.89 1784.43 1507.61 276.818 72.4583 44.4528
internal_count=8151 7812 6613 1199 339 202
is_linear=0
shrinkage=0.010754


Tree=164
num_leaves=7
num_cat=0
split_feature=3 11 1 14 0 17
split_gain=11.8232 15.27 14.6845 7.50855 6.39092 13.5734
threshold=-0.15721296692281708 -1.8334513772763383 -1.1968850340126769 -0.79288113888341394 1.5791473808602283 1.4252580542241968
decision_type=2 2 2 2 2 2
left_child=4 3 -3 -2 5 -1
right_child=1 2 -4 -5 -6 -7
leaf_value=-0.0014272300425232083 0.0098814454711177342 -0.0031900725325055266 0.00055534901905407398 0.0016490425035070248 0.0038270332201454666 -0.0087605449721368626
leaf_weight=299.41977015323937 28.326842129230499 133.30656138341874 1317.7781797349453 23.397392511367798 22.126235269010067 32.343265578150749
leaf_count=1345 83 560 5841 91 97 134
internal_value=-5.04687e-07 0.000415932 0.000211266 0.00615761 -0.00176894 -0.00214216
internal_weight=1856.7 1502.81 1451.08 51.7242 353.889 331.763
internal_count=8151 6575 6401 174 1576 1479
is_linear=0
shrinkage=0.010754


Tree=165
num_leaves=7
num_cat=0
split_feature=20 16 21 10 25 3
split_gain=11.7229 14.7348 13.5972 12.5334 12.4009 6.60154
threshold=1.7273556883909691 -0.050288902005573018 0.47366738850871226 2.0713327634873848 0.76814286749393168 -0.14611939431322268
decision_type=2 2 2 2 2 2
left_child=1 2 -1 5 -3 -2
right_child=3 4 -4 -5 -6 -7
leaf_value=0.00017572184297426626 -0.0026121268911790158 0.00068997395830747621 -0.0025154619263801589 0.0018033490779592631 0.0042572523859889877 -0.009560844689489971
leaf_weight=744.40144764445722 28.8624452278018 568.96268408745527 306.52911917865276 32.278816506266594 140.53821186348796 34.973880231380463
leaf_count=3247 119 2618 1302 140 600 125
internal_value=-5.02514e-07 0.00019917 -0.000609223 -0.00365772 0.00139659 -0.00641917
internal_weight=1856.55 1760.43 1050.93 96.1151 709.501 63.8363
internal_count=8151 7767 4549 384 3218 244
is_linear=0
shrinkage=0.010754


Tree=166
num_leaves=8
num_cat=0
split_feature=7 2 25 18 11 20 5
split_gain=11.6376 16.2104 15.1054 9.0604 9.94479 6.95053 5.86458
threshold=-0.22276235832866909 -1.6395237784954169 -0.79445445351635591 0.059494832740634745 -0.12054870473982161 -0.55226873167533597 0.041343347627518109
decision_type=2 2 2 2 2 2 2
left_child=3 6 -3 5 -5 -1 -2
right_child=1 2 -4 4 -6 -7 -8
leaf_value=-0.0029403948203032891 -0.0061684808194294102 -0.0015651027241990274 0.0013391875401299375 -0.0073554424953081931 -0.0017514885678078409 0.0008001049640001456 -6.820216703398126e-05
leaf_weight=81.038590975105762 55.00813814625144 257.25610299408436 1062.4032981134951 51.960594683885574 124.07781012356281 197.38729621097445 27.258260444737971
leaf_count=349 243 1170 4614 210 563 880 122
internal_value=-5.01838e-07 0.000484289 0.000773018 -0.00149599 -0.00340561 -0.00028859 -0.00414725
internal_weight=1856.39 1401.93 1319.66 454.464 176.038 278.426 82.2664
internal_count=8151 6149 5784 2002 773 1229 365
is_linear=0
shrinkage=0.010754


Tree=167
num_leaves=8
num_cat=0
split_feature=13 21 7 7 5 3 10
split_gain=11.5704 15.0726 17.3793 11.0419 7.08763 11.3759 10.4429
threshold=-0.80551538929281752 0.92846237015732547 -0.19518294826748547 0.9683536470328401 0.13151516557581747 -0.11516005066596856 -0.73500783567612049
decision_type=2 2 2 2 2 2 2
left_child=4 2 -2 -3 6 -6 -1
right_child=1 3 -4 -5 5 -7 -8
leaf_value=-0.00035833330239560239 -0.00063154915940441623 -0.0021628403643689539 0.0019912082887263991 0.0034910931515125115 0.0034855096745291182 -0.005377234083786331 -0.0055971394347172536
leaf_weight=78.383513383567333 491.03893476072699 343.29616056382656 721.50949317216873 45.207208074629307 51.676091726869345 24.780984111130238 100.33597590774298
leaf_count=321 2193 1448 3235 186 217 109 442
internal_value=-5.02774e-07 0.000338455 0.000929082 -0.00150492 -0.00212724 0.000612898 -0.00329951
internal_weight=1856.23 1601.05 1212.55 388.503 255.177 76.4571 178.719
internal_count=8151 7062 5428 1634 1089 326 763
is_linear=0
shrinkage=0.010754


Tree=168
num_leaves=8
num_cat=0
split_feature=3 11 1 16 17 26 27
split_gain=11.4979 15.0709 19.1379 9.0751 6.30777 8.4187 7.16252
threshold=-0.15721296692281708 -1.2762486175123986 -1.1968850340126769 -0.20020245329308486 -0.45722516861225215 0.94365140745486931 -0.22640379035210395
decision_type=2 2 2 2 2 2 2
left_child=4 3 -3 -2 6 -6 -1
right_child=1 2 -4 -5 5 -7 -8
leaf_value=-0.006136021706342411 0.0016751290004662217 -0.0042976966239873212 0.00044979490180937229 0.0075734491532833794 -0.0017425809389143624 -0.0068175455948136674 0.0010005992574230252
leaf_weight=18.803139187395573 78.240654528141022 106.43793633114547 1268.7556339278817 49.100857481360435 165.33615108579397 49.009514786303043 120.43424997664988
leaf_count=86 295 454 5667 159 723 215 552
internal_value=-5.03425e-07 0.000410088 8.23432e-05 0.00394946 -0.00174531 -0.00290298 3.68145e-05
internal_weight=1856.12 1502.54 1375.19 127.342 353.583 214.346 139.237
internal_count=8151 6575 6121 454 1576 938 638
is_linear=0
shrinkage=0.010754


Tree=169
num_leaves=7
num_cat=0
split_feature=4 24 25 26 22 11
split_gain=11.4172 12.6353 15.8301 9.77928 5.1526 4.78099
threshold=-0.41448025474624633 -0.80608312382651837 -0.79445445351635591 -0.0076351115202030048 0.47937305028108529 -0.48709918022492033
decision_type=2 2 2 2 2 2
left_child=4 3 -3 -2 5 -1
right_child=1 2 -4 -5 -6 -7
leaf_value=-0.0053405617222373096 -0.0035422883799806587 -0.001649893578455685 0.0011071939910725149 0.00061583465633456471 -0.0076487715425733798 0.0018595330487304941
leaf_weight=21.714909926056862 170.20553234964609 300.90988859254867 1206.4056663401425 106.23918873816729 29.508228570222855 20.959731100127101
leaf_count=103 756 1364 5249 443 135 101
internal_value=-5.02024e-07 0.000169171 0.000556786 -0.00194428 -0.00419346 -0.00180413
internal_weight=1855.94 1783.76 1507.32 276.445 72.1829 42.6746
internal_count=8151 7812 6613 1199 339 204
is_linear=0
shrinkage=0.010754


Tree=170
num_leaves=8
num_cat=0
split_feature=20 25 0 3 10 27 3
split_gain=11.4488 14.2229 15.5748 12.5153 12.3432 15.2359 7.15831
threshold=1.7273556883909691 -0.062155692935020171 -2.0325250327979796 -0.020000359779771968 1.7394184510093396 0.12040572014319455 -0.14611939431322268
decision_type=2 2 2 2 2 2 2
left_child=1 3 -3 -1 6 -6 -2
right_child=4 2 -4 -5 5 -7 -8
leaf_value=-0.000119459629642856 -0.0029029993932461083 -0.008315135262627343 0.0015567782133258637 -0.003398949546804083 0.0074916961053777932 -0.0051830951598977144 -0.010925845910773802
leaf_weight=842.66441146563739 24.087616767734289 18.957260809838772 737.99837444722652 160.15562377125025 20.02530212700367 24.250030979514122 27.601506344974041
leaf_count=3754 98 72 3168 773 83 106 97
internal_value=-5.02518e-07 0.000196747 0.00130954 -0.000643215 -0.00361766 0.0005495 -0.0071872
internal_weight=1855.74 1759.78 756.956 1002.82 95.9645 44.2753 51.6891
internal_count=8151 7767 3240 4527 384 189 195
is_linear=0
shrinkage=0.010754


Tree=171
num_leaves=5
num_cat=0
split_feature=15 0 21 3
split_gain=11.3011 13.3321 15.5506 8.3942
threshold=-3.7727744737047511 -1.345538176365672 0.23544144574039105 -0.03550366306757375
decision_type=2 2 2 2
left_child=-1 3 -3 -2
right_child=1 2 -4 -5
leaf_value=0.0076830592652863561 -0.0018838912352372036 0.0013454453973765492 -0.00074560356491881004 -0.0082942212464628302
leaf_weight=21.876947104930878 146.85774970520288 754.59079987183213 904.09527368657291 28.154241368174553
leaf_count=66 628 3439 3902 116
internal_value=-5.04209e-07 -9.21752e-05 0.000205681 -0.00291515
internal_weight=1855.58 1833.7 1658.69 175.012
internal_count=8151 8085 7341 744
is_linear=0
shrinkage=0.010754


Tree=172
num_leaves=7
num_cat=0
split_feature=3 26 20 2 0 17
split_gain=11.259 14.6553 13.4736 12.7847 6.26069 13.2086
threshold=-0.15721296692281708 -1.0265727577134542 1.7933685877772831 -0.085539947580752881 1.5791473808602283 1.4252580542241968
decision_type=2 2 2 2 2 2
left_child=4 3 -3 -2 5 -1
right_child=1 2 -4 -5 -6 -7
leaf_value=-0.001393333376288047 -0.0066030607764536262 0.00099008417291483308 -0.00394151246387036 -4.6644549493299965e-05 0.0038100278010228202 -0.0086449171435077458
leaf_weight=299.02163221035153 61.060488362796605 1294.9268426932395 67.404548712074757 78.765086598694324 22.130395852029324 32.175335437059402
leaf_count=1345 286 5674 261 354 97 134
internal_value=-5.01154e-07 0.000405776 0.000746079 -0.0029098 -0.00172778 -0.00209783
internal_weight=1855.48 1502.16 1362.33 139.826 353.327 331.197
internal_count=8151 6575 5935 640 1576 1479
is_linear=0
shrinkage=0.010754


Tree=173
num_leaves=7
num_cat=0
split_feature=4 25 5 3 19 25
split_gain=11.1808 12.3718 16.9205 11.1892 5.0597 2.59729
threshold=-0.41448025474624633 0.76814286749393168 0.2653156420711848 -0.047130453763672107 -0.34888026410465961 0.35448150083432051
decision_type=2 2 2 2 2 2
left_child=4 3 -3 -2 -1 -6
right_child=1 2 -4 -5 5 -7
leaf_value=-0.00057353858612893105 0.00021890763570137149 0.0033968263730746965 -0.0024490320511468596 -0.0021254651981171538 -0.003882609332762492 -0.0091046421138428826
leaf_weight=27.943726103752851 1162.7893732581288 251.09734860807657 74.176239158958197 295.22097510844469 22.651141099631786 21.449202112853527
leaf_count=137 5134 1000 301 1377 101 101
internal_value=-5.02323e-07 0.000167293 0.00206371 -0.000255783 -0.00415395 -0.00642255
internal_weight=1855.33 1783.28 325.274 1458.01 72.0441 44.1003
internal_count=8151 7812 1301 6511 339 202
is_linear=0
shrinkage=0.010754


Tree=174
num_leaves=8
num_cat=0
split_feature=13 21 7 5 18 5 18
split_gain=11.079 14.5144 16.7797 10.838 6.979 14.8534 10.775
threshold=-0.80551538929281752 0.92846237015732547 -0.19518294826748547 0.63456342882809602 -0.74866286489889977 0.0080203516918849437 -1.227064982596838
decision_type=2 2 2 2 2 2 2
left_child=4 2 -2 -3 6 -6 -1
right_child=1 3 -4 -5 5 -7 -8
leaf_value=-0.00040504404188356239 -0.00062359190799641867 -0.0020046246255942235 0.0019539356572703319 0.0046669278931088468 -0.0039591772832375119 0.0030620181770338942 -0.0070104427570728024
leaf_weight=51.91115977615118 490.75160054769367 357.48840794712305 721.55837826803327 30.568177528679371 69.99425539933145 69.39034541323781 63.495781734585762
leaf_count=225 2193 1511 3235 123 288 294 282
internal_value=-5.01132e-07 0.000331096 0.000910531 -0.00147908 -0.00208331 -0.000463761 -0.00403931
internal_weight=1855.16 1600.37 1212.31 388.057 254.792 139.385 115.407
internal_count=8151 7062 5428 1634 1089 582 507
is_linear=0
shrinkage=0.010754


Tree=175
num_leaves=7
num_cat=0
split_feature=11 23 21 22 19 4
split_gain=11.0414 12.8286 12.0745 10.676 12.7227 7.91671
threshold=-1.2762486175123986 -0.90117548969652395 0.82017785071717941 -1.4284957106100757 -0.23623316048269019 0.010309627693914672
decision_type=2 2 2 2 2 2
left_child=3 5 -3 -1 -5 -2
right_child=1 2 -4 4 -6 -7
leaf_value=-0.002569482751317834 -0.0078699327925852089 0.0005964955847754717 -0.0015311059301438084 0.0067840629421789733 0.00043375606912521113 -0.001920274040979147
leaf_weight=38.197957463562489 34.798665560781956 1107.0879913764074 427.64424201846123 78.009155511856079 68.55114034563303 100.7548947930336
leaf_count=159 154 5030 1828 282 252 446
internal_value=-5.01991e-07 -0.000276444 3.64916e-06 0.00249409 0.00381384 -0.00344767
internal_weight=1855.04 1670.29 1534.73 184.758 146.56 135.554
internal_count=8151 7458 6858 693 534 600
is_linear=0
shrinkage=0.010754


Tree=176
num_leaves=7
num_cat=0
split_feature=3 26 20 2 0 17
split_gain=10.97 14.3268 13.0811 12.5781 6.13969 12.8752
threshold=-0.15721296692281708 -1.0265727577134542 1.7933685877772831 -0.085539947580752881 1.5791473808602283 1.4252580542241968
decision_type=2 2 2 2 2 2
left_child=4 3 -3 -2 5 -1
right_child=1 2 -4 -5 -6 -7
leaf_value=-0.0013785787036626163 -0.0065476001722300009 0.00097705346955103073 -0.003885912084266942 -4.0544376198231661e-05 0.0037755198492337122 -0.0085515261822874493
leaf_weight=298.81557443924248 60.944398150779307 1294.8892485871911 67.296014789491892 78.746746689081192 22.145392313599586 32.044085867702961
leaf_count=1345 286 5674 261 354 97 134
internal_value=-4.99716e-07 0.000400449 0.000736806 -0.00287947 -0.00170637 -0.0020733
internal_weight=1854.88 1501.88 1362.19 139.691 353.005 330.86
internal_count=8151 6575 5935 640 1576 1479
is_linear=0
shrinkage=0.010754


Tree=177
num_leaves=7
num_cat=0
split_feature=16 14 3 11 3 11
split_gain=10.9227 14.8393 11.4444 10.9147 10.9314 3.85817
threshold=-0.050288902005573018 1.1270784819885427 0.64407185560437219 -1.4116424797303582 -0.15152996165696486 0.057545071827050938
decision_type=2 2 2 2 2 2
left_child=1 2 -1 -2 -5 -3
right_child=3 5 -4 4 -6 -7
leaf_value=-0.0002075947328645167 0.0065643696914482932 -0.0077972846202541794 -0.0075024694748987621 -0.0016842118382879242 0.0013921187818791156 -0.0022229442899103645
leaf_weight=981.05288262385875 38.260438159108162 40.009270906448364 25.51835460215807 174.16322931647301 573.31687092036009 22.401913043111563
leaf_count=4224 128 180 107 782 2627 103
internal_value=-5.00822e-07 -0.000708043 -0.000392537 0.00096209 0.000675327 -0.00579649
internal_weight=1854.72 1068.98 1006.57 785.741 747.48 62.4112
internal_count=8151 4614 4331 3537 3409 283
is_linear=0
shrinkage=0.010754


Tree=178
num_leaves=7
num_cat=0
split_feature=13 14 25 0 23 21
split_gain=10.851 13.0091 13.5518 13.0747 9.0499 6.37714
threshold=-0.82910426367437784 1.1983093799569013 -0.062155692935020171 1.3016921785155313 -0.86270009875574338 -1.6920230002942072
decision_type=2 2 2 2 2 2
left_child=4 2 -2 -3 -1 -6
right_child=1 3 -4 -5 5 -7
leaf_value=-0.0089090258447158 -0.00030630293781753267 -0.0044163770190365163 0.0017893061978272451 0.00083734510156131836 0.0016925281423150655 -0.0028839252995371276
leaf_weight=21.941771194338799 777.10809923429042 126.19059424474835 659.95619980618358 96.807901088148355 49.296167135238647 123.25941374711692
leaf_count=92 3495 576 2816 439 226 507
internal_value=-4.99319e-07 0.000281065 0.00065608 -0.00213562 -0.00240371 -0.00157649
internal_weight=1854.56 1660.06 1437.06 222.998 194.497 172.556
internal_count=8151 7326 6311 1015 825 733
is_linear=0
shrinkage=0.010754


Tree=179
num_leaves=7
num_cat=0
split_feature=4 24 25 26 17 0
split_gain=10.8271 11.9699 14.9233 9.39441 4.98368 2.59128
threshold=-0.41448025474624633 -0.80608312382651837 -0.79445445351635591 -0.0076351115202030048 -0.40952045316378433 0.22592326338548341
decision_type=2 2 2 2 2 2
left_child=4 3 -3 -2 -1 -6
right_child=1 2 -4 -5 5 -7
leaf_value=-0.00080102904805059386 -0.0034642104871044186 -0.0016027750055918155 0.0010757444559674459 0.0006146044895810822 -0.0044157636711614203 -0.0099637623961942
leaf_weight=30.549816466867924 169.74127366393805 300.48380022495985 1206.1833907701075 106.13800633698702 25.545212572440505 15.736554868519304
leaf_count=141 756 1364 5249 443 118 80
internal_value=-4.99169e-07 0.000164454 0.000541548 -0.00189497 -0.00409397 -0.00653075
internal_weight=1854.38 1782.55 1506.67 275.879 71.8316 41.2818
internal_count=8151 7812 6613 1199 339 198
is_linear=0
shrinkage=0.010754


Tree=180
num_leaves=4
num_cat=0
split_feature=15 8 3
split_gain=10.7756 13.2011 10.7314
threshold=-3.7727744737047511 -2.0307049337391478 -0.15174148558567754
decision_type=2 2 2
left_child=-1 -2 -3
right_child=1 2 -4
leaf_value=0.0075135188336328228 -0.0078893230267787686 -0.0012133084313769205 0.00057499502867745919
leaf_weight=21.812377780675888 24.758531533181667 564.13899205718189 1243.4628991037607
leaf_count=66 89 2485 5511
internal_value=-4.99398e-07 -8.99483e-05 1.68767e-05
internal_weight=1854.17 1832.36 1807.6
internal_count=8151 8085 7996
is_linear=0
shrinkage=0.010754


Tree=181
num_leaves=7
num_cat=0
split_feature=2 11 23 19 5 4
split_gain=10.7291 15.5517 13.248 9.52318 7.32496 6.11489
threshold=-1.6395237784954169 -1.2762486175123986 -0.90117548969652395 -0.34888026410465961 0.041343347627518109 -0.061016805377608799
decision_type=2 2 2 2 2 2
left_child=4 3 -3 -2 5 -1
right_child=1 2 -4 -5 -6 -7
leaf_value=-0.0031225359004347303 0.0058270007810357991 -0.0034427078407134352 0.0001520146404772665 0.00060798246731147139 0.00037172069283911304 -0.010362516043930592
leaf_weight=34.074809402227402 85.440264135599136 128.94425576925278 1473.2265179399401 76.764342002570629 33.288660555146635 22.336942065507174
leaf_count=155 316 575 6577 287 146 95
internal_value=-4.95258e-07 0.000183958 -0.00013729 0.00335709 -0.00362866 -0.00598937
internal_weight=1854.08 1764.38 1602.17 162.205 89.7004 56.4118
internal_count=8151 7755 7152 603 396 250
is_linear=0
shrinkage=0.010754


Tree=182
num_leaves=7
num_cat=0
split_feature=20 16 21 10 25 3
split_gain=10.6427 13.6319 13.1917 12.1569 11.5735 6.55272
threshold=1.7273556883909691 -0.050288902005573018 0.47366738850871226 2.0713327634873848 0.76814286749393168 -0.14611939431322268
decision_type=2 2 2 2 2 2
left_child=1 2 -1 5 -3 -2
right_child=3 4 -4 -5 -6 -7
leaf_value=0.00018447587867656103 -0.0024234873509763406 0.00065896813261927321 -0.0024688807289241009 0.0018851719073952277 0.0041077934938643828 -0.0093725355471892136
leaf_weight=743.32780880481005 28.649720158427954 568.90000458434224 305.86140944063663 32.194372065365314 140.27768493816257 34.706821531057358
leaf_count=3247 119 2618 1302 140 600 125
internal_value=-4.92917e-07 0.000189445 -0.000589031 -0.00349585 0.00134116 -0.00623025
internal_weight=1853.92 1758.37 1049.19 95.5509 709.178 63.3565
internal_count=8151 7767 4549 384 3218 244
is_linear=0
shrinkage=0.010754


Tree=183
num_leaves=8
num_cat=0
split_feature=13 21 7 7 18 5 18
split_gain=10.5778 13.9277 15.9199 10.6762 6.91542 14.5466 10.5955
threshold=-0.80551538929281752 0.92846237015732547 -0.19518294826748547 0.9683536470328401 -0.74866286489889977 0.0080203516918849437 -1.227064982596838
decision_type=2 2 2 2 2 2 2
left_child=4 2 -2 -3 6 -6 -1
right_child=1 3 -4 -5 5 -7 -8
leaf_value=-0.00038212909684536911 -0.00060437202837452944 -0.0020997284636431945 0.0019069988909315382 0.0034605428536518532 -0.0038895758147603778 0.0030638199745865896 -0.006937582457070472
leaf_weight=51.864010654389858 490.25202403124422 342.34061335772276 721.57262075319886 45.209793083369732 69.817533824592829 69.362300865352154 63.338249579071999
leaf_count=225 2193 1448 3235 186 288 294 282
internal_value=-4.92183e-07 0.000323481 0.000891003 -0.00145108 -0.00203742 -0.000424221 -0.00398635
internal_weight=1853.76 1599.38 1211.82 387.55 254.382 139.18 115.202
internal_count=8151 7062 5428 1634 1089 582 507
is_linear=0
shrinkage=0.010754


Tree=184
num_leaves=7
num_cat=0
split_feature=4 25 8 3 22 11
split_gain=10.5009 11.6561 16.4868 11.3202 4.91712 4.70517
threshold=-0.41448025474624633 0.76814286749393168 -0.73089226700660859 -0.11516005066596856 0.47937305028108529 -0.48709918022492033
decision_type=2 2 2 2 2 2
left_child=4 3 -3 -2 5 -1
right_child=1 2 -4 -5 -6 -7
leaf_value=-0.005224769067320491 0.00050116875492475918 -0.0019018987016949239 0.0035059658227246026 -0.0014467830789502145 -0.0074406378541913365 0.0019315516137292542
leaf_weight=21.602579429745674 895.97553332243115 90.278135381639004 234.67044820263982 561.07180982455611 29.132459312677383 20.90874426998198
leaf_count=103 3935 339 962 2576 135 101
internal_value=-4.9299e-07 0.000161801 0.00200353 -0.000248935 -0.00403728 -0.00170491
internal_weight=1853.64 1782 324.949 1457.05 71.6438 42.5113
internal_count=8151 7812 1301 6511 339 204
is_linear=0
shrinkage=0.010754


Tree=185
num_leaves=7
num_cat=0
split_feature=2 11 23 19 5 4
split_gain=10.4744 15.1526 12.8951 9.24617 7.12967 6.02072
threshold=-1.6395237784954169 -1.2762486175123986 -0.90117548969652395 -0.34888026410465961 0.041343347627518109 -0.061016805377608799
decision_type=2 2 2 2 2 2
left_child=4 3 -3 -2 5 -1
right_child=1 2 -4 -5 -6 -7
leaf_value=-0.0030743125013530221 0.0057491375805860502 -0.0033989335934047223 0.00014986953926038029 0.0006055297736600407 0.00035738222647716835 -0.01026628559175439
leaf_weight=34.017916426062584 85.392005234956741 128.76582860201597 1473.0070963855833 76.743583478033543 33.290525352582335 22.27960105612874
leaf_count=155 316 575 6577 287 146 95
internal_value=-4.91912e-07 0.000181697 -0.000135415 0.00331454 -0.00358768 -0.00592059
internal_weight=1853.5 1763.91 1601.77 162.136 89.588 56.2975
internal_count=8151 7755 7152 603 396 250
is_linear=0
shrinkage=0.010754


Tree=186
num_leaves=8
num_cat=0
split_feature=20 16 21 10 27 3 3
split_gain=10.4303 13.2922 12.9346 11.9593 14.9675 11.5215 7.04576
threshold=1.7273556883909691 -0.050288902005573018 0.47366738850871226 1.7394184510093396 0.12040572014319455 -0.15152996165696486 -0.14611939431322268
decision_type=2 2 2 2 2 2 2
left_child=1 2 -1 6 -5 -3 -2
right_child=3 5 -4 4 -6 -7 -8
leaf_value=0.000184414267051711 -0.0027329710968711789 -0.001177249046851769 -0.0024437690604245331 0.0075219908689253103 -0.0050572994340377965 0.0020757268027318345 -0.010723770850710029
leaf_weight=743.15518354717642 23.924092661589384 163.71483030542731 305.62687839567661 19.994604215025902 24.153242059051991 545.41438857465982 27.353580430150032
leaf_count=3247 98 727 1302 83 106 2491 97
internal_value=-4.89546e-07 0.000187473 -0.000581464 -0.00346314 0.000639784 0.00132472 -0.00699566
internal_weight=1853.34 1757.91 1048.78 95.4255 44.1478 709.129 51.2777
internal_count=8151 7767 4549 384 189 3218 195
is_linear=0
shrinkage=0.010754


Tree=187
num_leaves=8
num_cat=0
split_feature=3 26 18 2 17 26 27
split_gain=10.3066 13.5924 12.4991 12.3721 6.033 8.12748 7.01395
threshold=-0.15721296692281708 -1.0265727577134542 1.8159777381281332 -0.085539947580752881 -0.45722516861225215 0.94365140745486931 -0.22640379035210395
decision_type=2 2 2 2 2 2 2
left_child=4 3 -3 -2 6 -6 -1
right_child=1 2 -4 -5 5 -7 -8
leaf_value=-0.0060353547551484288 -0.0064559075227482773 0.00095475598654182583 -0.003720895744004487 5.4994927509604657e-06 -0.0016518119766851169 -0.0066571402912256779 0.0010418410436069815
leaf_weight=18.717310778796673 60.746165482327342 1291.8901323229074 69.687416415661573 78.633610662072897 164.75067215785384 48.582006148993969 120.18473861273378
leaf_count=86 286 5667 268 354 723 215 552
internal_value=-4.90812e-07 0.000388017 0.000715447 -0.00281056 -0.00165603 -0.00279169 8.81469e-05
internal_weight=1853.19 1500.96 1361.58 139.38 352.235 213.333 138.902
internal_count=8151 6575 5935 640 1576 938 638
is_linear=0
shrinkage=0.010754


Tree=188
num_leaves=7
num_cat=0
split_feature=7 17 24 15 11 21
split_gain=10.3004 15.7267 12.6253 11.8661 10.3788 9.73056
threshold=-0.12768345628938851 1.6985789468426742 -0.019992320658145806 -3.4149769504678757 -0.79685602469660022 0.82017785071717941
decision_type=2 2 2 2 2 2
left_child=1 3 4 -1 -2 -4
right_child=2 -3 5 -5 -6 -7
leaf_value=0.0079212780862783008 0.01158282411345451 -0.0078666199324501813 0.0017061428605096849 -0.00056864246661823999 0.0027165035811272803 -0.00094960197111704887
leaf_weight=19.381356403231621 20.86953542381525 33.79752055555582 353.90688391029835 1077.6410265536979 56.901666365563869 290.53994354233146
leaf_count=59 75 132 1620 4787 248 1230
internal_value=-4.91867e-07 -0.000641251 0.00100278 -0.000418645 0.00509579 0.000508831
internal_weight=1853.04 1130.82 722.218 1097.02 77.7712 644.447
internal_count=8151 4978 3173 4846 323 2850
is_linear=0
shrinkage=0.010754


Tree=189
num_leaves=8
num_cat=0
split_feature=13 21 23 3 18 5 18
split_gain=10.3114 13.5223 19.5969 14.4449 6.82661 14.1828 10.3958
threshold=-0.80551538929281752 0.21378454185236181 -0.40355074793523404 0.22260641734795489 -0.74866286489889977 0.0080203516918849437 -1.227064982596838
decision_type=2 2 2 2 2 2 2
left_child=4 3 -3 -2 6 -6 -1
right_child=1 2 -4 -5 5 -7 -8
leaf_value=-0.00038123497657963198 0.001868804974435205 -0.0032635354113398985 0.00037967288170794906 -0.0039244480256370486 -0.0038362409021754683 0.0030321161779231897 -0.0068777717832828331
leaf_weight=51.854058273136616 654.48824571911246 230.3357173204422 660.06375704705715 53.872018441557884 69.688607636839151 69.390662804245949 63.21598769724369
leaf_count=225 2964 1011 2841 246 288 294 282
internal_value=-4.89486e-07 0.000319365 -0.000562777 0.00142821 -0.00201259 -0.000409391 -0.00395027
internal_weight=1852.91 1598.76 890.399 708.36 254.149 139.079 115.07
internal_count=8151 7062 3852 3210 1089 582 507
is_linear=0
shrinkage=0.010754


Tree=190
num_leaves=7
num_cat=0
split_feature=2 11 23 19 5 4
split_gain=10.2367 14.7189 12.5611 8.88183 6.96174 5.94806
threshold=-1.6395237784954169 -1.2762486175123986 -0.90117548969652395 -0.34888026410465961 0.041343347627518109 -0.061016805377608799
decision_type=2 2 2 2 2 2
left_child=4 3 -3 -2 5 -1
right_child=1 2 -4 -5 -6 -7
leaf_value=-0.0030270154136688076 0.005655115469119767 -0.0033565741234550858 0.00014844071779629176 0.0006124689397524638 0.0003480326345715732 -0.010182927115158372
leaf_weight=33.95980054885149 85.339277066290379 128.57032330334187 1472.6951418332756 76.705463521182537 33.288340880535543 22.227590829133987
leaf_count=155 316 575 6577 287 146 95
internal_value=-4.91215e-07 0.000179571 -0.000132985 0.00326815 -0.00354904 -0.00585795
internal_weight=1852.79 1763.31 1601.27 162.045 89.4757 56.1874
internal_count=8151 7755 7152 603 396 250
is_linear=0
shrinkage=0.010754


Tree=191
num_leaves=8
num_cat=0
split_feature=16 14 3 3 25 8 11
split_gain=10.119 14.0717 11.1968 10.1625 10.8889 9.24825 3.82397
threshold=-0.050288902005573018 1.1270784819885427 0.64407185560437219 -0.15152996165696486 0.76814286749393168 -0.47871241089153865 0.057545071827050938
decision_type=2 2 2 2 2 2 2
left_child=1 2 -1 5 -5 -2 -3
right_child=3 6 -4 4 -6 -7 -8
leaf_value=-0.00019253023882035434 -0.007139729138162086 -0.0076513236783159674 -0.0074187896598323054 0.00086294536131462693 0.0044283770279037842 -0.00028955476970553398 -0.0020873809882315589
leaf_weight=979.8443575296551 26.581357128918171 39.757908709347248 25.441527560353279 473.49100503697991 125.27139111608267 159.93659199774265 22.300504244863987
leaf_count=4224 118 180 107 2185 523 711 103
internal_value=-4.88797e-07 -0.000682214 -0.000375415 0.000926099 0.0016089 -0.00126582 -0.005652
internal_weight=1852.62 1067.34 1005.29 785.28 598.762 186.518 62.0584
internal_count=8151 4614 4331 3537 2708 829 283
is_linear=0
shrinkage=0.010754


Tree=192
num_leaves=7
num_cat=0
split_feature=13 21 7 16 23 21
split_gain=10.0499 12.2838 15.1302 9.75076 8.66867 6.24623
threshold=-0.82910426367437784 0.82017785071717941 -0.14958705259142616 -0.095931693715174793 -0.86270009875574338 -1.6920230002942072
decision_type=2 2 2 2 2 2
left_child=4 2 -2 -3 -1 -6
right_child=1 3 -4 -5 5 -7
leaf_value=-0.0087140370645396106 -0.00010243023121804077 -0.0033638801216762178 0.0023994348069196736 -0.00010018096850270962 0.0017275286422008106 -0.002805197581962579
leaf_weight=21.750615790486336 728.12962754350156 158.72244889289141 453.76118449866772 317.92489567399025 49.242670245468616 122.93017175234854
leaf_count=92 3249 662 2054 1361 226 507
internal_value=-4.88206e-07 0.00027036 0.000858103 -0.00118699 -0.00231695 -0.00150878
internal_weight=1852.46 1658.54 1181.89 476.647 193.923 172.173
internal_count=8151 7326 5303 2023 825 733
is_linear=0
shrinkage=0.010754


Tree=193
num_leaves=7
num_cat=0
split_feature=4 25 5 3 19 25
split_gain=10.016 11.2027 16.2941 11.2945 4.80102 2.54566
threshold=-0.41448025474624633 0.76814286749393168 0.2653156420711848 -0.11516005066596856 -0.34888026410465961 0.35448150083432051
decision_type=2 2 2 2 2 2
left_child=4 3 -3 -2 -1 -6
right_child=1 2 -4 -5 5 -7
leaf_value=-0.00046240059320475801 0.00050450628421410684 0.0032731843218073058 -0.0024703870848894706 -0.0014416983892720496 -0.0036589386847914961 -0.0088636679323922905
leaf_weight=27.82307087443769 895.56871309317648 250.65842344984412 73.982504568994045 560.79281628876925 22.421900846064091 21.097543708980083
leaf_count=137 3935 1000 301 2576 101 101
internal_value=-4.87837e-07 0.000157781 0.00196427 -0.000244905 -0.00395158 -0.0061822
internal_weight=1852.34 1781 324.641 1456.36 71.3425 43.5194
internal_count=8151 7812 1301 6511 339 202
is_linear=0
shrinkage=0.010754


Tree=194
num_leaves=7
num_cat=0
split_feature=2 11 23 19 5 4
split_gain=9.99739 14.3172 12.1619 8.6112 6.80167 5.87549
threshold=-1.6395237784954169 -1.2762486175123986 -0.90117548969652395 -0.34888026410465961 0.041343347627518109 -0.061016805377608799
decision_type=2 2 2 2 2 2
left_child=4 3 -3 -2 5 -1
right_child=1 2 -4 -5 -6 -7
leaf_value=-0.0029799952686883611 0.0055751361629838465 -0.0033058100252500063 0.0001458353668977072 0.00060911892151355347 0.00034125789244605903 -0.010099720088779662
leaf_weight=33.900372833013535 85.298151627182961 128.34723200649023 1472.4854647107422 76.692472375929356 33.283458787016571 22.174576740711927
leaf_count=155 316 575 6577 287 146 95
internal_value=-4.86583e-07 0.000177395 -0.000130899 0.00322406 -0.00350971 -0.00579553
internal_weight=1852.18 1762.82 1600.83 161.991 89.3584 56.0749
internal_count=8151 7755 7152 603 396 250
is_linear=0
shrinkage=0.010754


Tree=195
num_leaves=7
num_cat=0
split_feature=20 16 21 10 3 3
split_gain=9.99291 12.7149 12.3187 11.729 10.891 6.4327
threshold=1.7273556883909691 -0.050288902005573018 0.47366738850871226 2.0713327634873848 -0.15152996165696486 -0.14611939431322268
decision_type=2 2 2 2 2 2
left_child=1 2 -1 5 -3 -2
right_child=3 4 -4 -5 -6 -7
leaf_value=0.00017811425720548564 -0.0023143269698986764 -0.0011390189002698134 -0.0023884872168316155 0.0018891928394216629 0.0020252778166790844 -0.0092185197384038447
leaf_weight=742.77400516252965 28.521159656345844 163.49404940381646 305.09976894780993 32.161198809742928 545.4969388358295 34.471895344555378
leaf_count=3247 119 727 1302 140 2491 125
internal_value=-4.8416e-07 0.000183354 -0.000569176 -0.00339479 0.00129558 -0.00609259
internal_weight=1852.02 1756.86 1047.87 95.1543 708.991 62.9931
internal_count=8151 7767 4549 384 3218 244
is_linear=0
shrinkage=0.010754


Tree=196
num_leaves=8
num_cat=0
split_feature=13 11 17 11 18 5 18
split_gain=9.86498 13.0885 13.5832 12.0549 6.78486 13.8211 10.18
threshold=-0.80551538929281752 -0.86388908984189727 -0.95824670589001693 0.24716927781785175 -0.74866286489889977 0.0080203516918849437 -1.227064982596838
decision_type=2 2 2 2 2 2 2
left_child=4 2 -2 -3 6 -6 -1
right_child=1 3 -4 -5 5 -7 -8
leaf_value=-0.00037211866827777053 0.009393391434123901 -0.0010962908180960974 0.0016412952940399793 0.00094671018580743164 -0.0037603191996842169 0.0030243914922586505 -0.0068056581745897611
leaf_weight=51.81953589618206 29.48743624985218 696.48114602360874 230.30962273478508 641.8240352421999 69.50884778238833 69.385564886033535 63.059235952794552
leaf_count=225 114 3100 902 2946 288 294 282
internal_value=-4.84037e-07 0.000312291 0.00252119 -0.000116506 -0.00197016 -0.000370946 -0.00390365
internal_weight=1851.88 1598.1 259.797 1338.31 253.773 138.894 114.879
internal_count=8151 7062 1016 6046 1089 582 507
is_linear=0
shrinkage=0.010754


Tree=197
num_leaves=8
num_cat=0
split_feature=20 25 8 3 10 27 3
split_gain=9.82709 12.4022 14.4192 12.2352 11.5458 14.621 6.92178
threshold=1.7273556883909691 -0.062155692935020171 -0.27464034428515233 -0.020000359779771968 1.7394184510093396 0.12040572014319455 -0.14611939431322268
decision_type=2 2 2 2 2 2 2
left_child=1 3 -3 -1 6 -6 -2
right_child=4 2 -4 -5 5 -7 -8
leaf_value=-8.5293523167051034e-05 -0.0026231052926263556 -0.00046649831190366037 0.0025286561672363179 -0.0033319109817108424 0.0074567603973357405 -0.0049821963700080706 -0.010566428502687344
leaf_weight=841.13817828800529 23.820544637739658 329.80777889490128 425.96755175106227 159.73699994385242 20.004097111523151 24.087024487555027 27.147964708507061
leaf_count=3754 98 1372 1868 773 83 106 97
internal_value=-4.83731e-07 0.000181758 0.00122162 -0.000603449 -0.00336826 0.000661255 -0.00685413
internal_weight=1851.71 1756.65 755.775 1000.88 95.0596 44.0911 50.9685
internal_count=8151 7767 3240 4527 384 189 195
is_linear=0
shrinkage=0.010754


Tree=198
num_leaves=7
num_cat=0
split_feature=3 26 2 18 0 17
split_gain=9.86416 13.0202 12.1646 11.9348 6.04925 12.4491
threshold=-0.15721296692281708 -1.0265727577134542 -0.085539947580752881 1.8159777381281332 1.5791473808602283 1.4252580542241968
decision_type=2 2 2 2 2 2
left_child=4 2 -2 -3 5 -1
right_child=1 3 -4 -5 -6 -7
leaf_value=-0.0013043319292272248 -0.0063756980507961693 0.00093352077857122482 3.8293725084795422e-05 -0.0036420351606151163 0.0038232004890202038 -0.0083869167966793504
leaf_weight=297.74934792518616 60.565506637096405 1291.3360888175666 78.543266031891108 69.475141007453203 22.113328821957111 31.763292394578457
leaf_count=1345 286 5667 354 268 97 134
internal_value=-4.84956e-07 0.000379563 -0.00275422 0.000699916 -0.00162166 -0.00198707
internal_weight=1851.55 1499.92 139.109 1360.81 351.626 329.513
internal_count=8151 6575 640 5935 1576 1479
is_linear=0
shrinkage=0.010754


Tree=199
num_leaves=7
num_cat=0
split_feature=2 11 23 14 5 4
split_gain=9.73802 13.8206 11.8977 8.38241 6.64266 5.78833
threshold=-1.6395237784954169 -1.2762486175123986 -0.90117548969652395 -0.76640591310447381 0.041343347627518109 -0.061016805377608799
decision_type=2 2 2 2 2 2
left_child=4 3 -3 -2 5 -1
right_child=1 2 -4 -5 -6 -7
leaf_value=-0.0029330347535502523 0.0055065477839170308 -0.0032703652154134864 0.00014569212323234729 0.00060771492967350591 0.00033879475769079618 -0.010007803097464315
leaf_weight=33.8466876745224 84.658672049641609 128.17836506664753 1472.0562339741737 77.263250507414341 33.270922407507896 22.114141445606947
leaf_count=155 297 575 6577 306 146 95
internal_value=-4.85871e-07 0.00017502 -0.000127931 0.00316903 -0.00346643 -0.00572886
internal_weight=1851.39 1762.16 1600.23 161.922 89.2318 55.9608
internal_count=8151 7755 7152 603 396 250
is_linear=0
shrinkage=0.010754


end of trees

feature_importances:
obv=146
yz_vol_10=127
ema_200_distance=105
rs_10=98
zscore_kf_10=88
msr_rank_10=76
volume_threshold_ma_10=65
vwap_distance_lowest=60
volume_threshold_ma_20=56
efi_zscore_20=49
rs_20=42
mrs_20=40
yz_vol_20=37
mrs_10=31
zscore_10_log_return=30
msr_rank_20=28
rsi_window_5=27
mfi_21=27
ema_50_distance=25
zscore_kf_20=25
zscore_20_log_return=23
vwap_distance_highest=15
dc_tmv=14
rsi_window_14=13
ema_10_distance=10
ema_20_distance=7
efi_zscore_10=3

parameters:
[boosting: gbdt]
[objective: binary]
[metric: binary_logloss]
[tree_learner: serial]
[device_type: cpu]
[data_sample_strategy: bagging]
[data: ]
[valid: ]
[num_iterations: 200]
[learning_rate: 0.010754]
[num_leaves: 45]
[num_threads: 14]
[seed: 42]
[deterministic: 0]
[force_col_wise: 0]
[force_row_wise: 0]
[histogram_pool_size: -1]
[max_depth: 3]
[min_data_in_leaf: 80]
[min_sum_hessian_in_leaf: 0.001]
[bagging_fraction: 0.874889]
[pos_bagging_fraction: 1]
[neg_bagging_fraction: 1]
[bagging_freq: 0]
[bagging_seed: 400]
[bagging_by_query: 0]
[feature_fraction: 0.98631]
[feature_fraction_bynode: 1]
[feature_fraction_seed: 30056]
[extra_trees: 0]
[extra_seed: 12879]
[early_stopping_round: 0]
[early_stopping_min_delta: 0]
[first_metric_only: 0]
[max_delta_step: 0]
[lambda_l1: 0.000370526]
[lambda_l2: 2.1263e-06]
[linear_lambda: 0]
[min_gain_to_split: 0]
[drop_rate: 0.1]
[max_drop: 50]
[skip_drop: 0.5]
[xgboost_dart_mode: 0]
[uniform_drop: 0]
[drop_seed: 17869]
[top_rate: 0.2]
[other_rate: 0.1]
[min_data_per_group: 100]
[max_cat_threshold: 32]
[cat_l2: 10]
[cat_smooth: 10]
[max_cat_to_onehot: 4]
[top_k: 20]
[monotone_constraints: ]
[monotone_constraints_method: basic]
[monotone_penalty: 0]
[feature_contri: ]
[forcedsplits_filename: ]
[refit_decay_rate: 0.9]
[cegb_tradeoff: 1]
[cegb_penalty_split: 0]
[cegb_penalty_feature_lazy: ]
[cegb_penalty_feature_coupled: ]
[path_smooth: 0]
[interaction_constraints: ]
[verbosity: -1]
[saved_feature_importance_type: 0]
[use_quantized_grad: 0]
[num_grad_quant_bins: 4]
[quant_train_renew_leaf: 0]
[stochastic_rounding: 1]
[linear_tree: 0]
[max_bin: 255]
[max_bin_by_feature: ]
[min_data_in_bin: 3]
[bin_construct_sample_cnt: 200000]
[data_random_seed: 175]
[is_enable_sparse: 1]
[enable_bundle: 1]
[use_missing: 1]
[zero_as_missing: 0]
[feature_pre_filter: 1]
[pre_partition: 0]
[two_round: 0]
[header: 0]
[label_column: ]
[weight_column: ]
[group_column: ]
[ignore_column: ]
[categorical_feature: ]
[forcedbins_filename: ]
[precise_float_parser: 0]
[parser_config_file: ]
[objective_seed: 16083]
[num_class: 1]
[is_unbalance: 0]
[scale_pos_weight: 1]
[sigmoid: 1]
[boost_from_average: 1]
[reg_sqrt: 0]
[alpha: 0.9]
[fair_c: 1]
[poisson_max_delta_step: 0.7]
[tweedie_variance_power: 1.5]
[lambdarank_truncation_level: 30]
[lambdarank_norm: 1]
[label_gain: ]
[lambdarank_position_bias_regularization: 0]
[eval_at: ]
[multi_error_top_k: 1]
[auc_mu_weights: ]
[num_machines: 1]
[local_listen_port: 12400]
[time_out: 120]
[machine_list_filename: ]
[machines: ]
[gpu_platform_id: -1]
[gpu_device_id: -1]
[gpu_use_dp: 0]
[num_gpu: 1]

end of parameters

pandas_categorical:[]
