tree
version=v4
num_class=1
num_tree_per_iteration=1
label_index=0
max_feature_idx=42
objective=binary sigmoid:1
feature_names=rsi_window_5 rsi_window_14 mfi_21 obv volume_threshold_ma_10 volume_threshold_ma_20 efi_zscore_10 efi_zscore_20 ema_10_distance ema_20_distance ema_50_distance ema_200_distance kf_distance zscore_kf_10 zscore_kf_20 vwap_distance_highest vwap_distance_lowest mrs_10 mrs_20 rs_10 rs_20 msr_rank_10 msr_rank_20 zscore_10_log_return zscore_20_log_return yz_vol_10 yz_vol_20 dc_tmv yz_vol_zscore_10 yz_vol_zscore_20 yz_vol_accel mrs_overext_ratio ema_near_far_ratio rsi_rank_14 vol_spike close_position dist_20d_high dist_60d_high dow_sin dow_cos month_sin month_cos is_quarter_end
feature_infos=[-4.1042146259916441:2.6679289605182284] [-5.0214294373214896:4.6640219364947635] [-3.1464534939628441:3.2504697177785307] [-0.2739945274646044:22.363521255902203] [-8.1105260609217726:0.9597859359806562] [-8.0408459726080057:1.1936815191826027] [-1.1075553600083885:62.511812747834249] [-3.1919521836888114:43.632452809000881] [-4.9084166221668077:7.8518586703508761] [-5.8691988155874704:5.6331085194728701] [-5.9023395508166674:6.3424122441601476] [-5.4213906634702322:5.66617920254944] [-5.8717819404993872:5.6343701851685273] [-2.849343483803771:8.4399283786112989] [-2.8282986097074914:8.5698327318534933] [-6.6433207086660344:3.0794292790102227] [-5.1871805146357826:7.1033819595348211] [-3.6312376612380119:8.9164949918115486] [-5.0643668967167272:9.3368495576042339] [-3.6539334042736318:13.486822114378773] [-4.8248433345623534:11.820407784888724] [-2.8128042862149054:1.4029987387472771] [-1.840746525426282:1.7199286007858352] [-4.9461082077920304:16.810893252174623] [-4.4109712326901276:9.8587602577704665] [-1.914327692903147:11.774378572198707] [-2.058927314531664:10.414233990314136] [-36.361318990278832:32.239938663170342] [-5.6800873172813491:8.4326527823222204] [-4.9740301016483794:7.6290883237199543] [-5.4758047677122041:2.338498499647256] [-7.1669227986577919:74.781987330067096] [-79.240964946368791:26.2601904634388] [-2.2301543014596952:1.7722910192684314] [-8.1761946344263503:0.70526554217802162] [-1.8746451504351309:1.1849170056665979] [-9.174045125020962:0.9228607571891011] [-7.513131959378641:1.0093867933007667] [-1.3594618937002196:1.3169648844180877] [-1.1425372154436242:1.4295703829532445] [-1.4829233113912514:1.4520721126820224] [-1.2895413691911581:1.4524783275262196] [-0.36145485870514715:2.7665971999445134]
tree_sizes=674 894 894 1011 1017 1010 1010 906 1015 910 906 1017 1014 693 900 1011 1007 1016 1017 1005 1013 903 1011 1018 1011 1012 795 992 1006 1017 1015 1014 1011 907 1011 1016 1013 1014 692 995 1010 801 903 696 990 899 775 691 1012 900 899 991 671 1003 1005 902 907 903 1004 986 1014 911 673 1012 903 1010 689 1010 1004 797 1010 909 1019 1010 584 1014 1009 1005 1018 905 1003 1018 905 864 1011 1013 1014 799 1002 1010 1018 1017 1008 1011 1017 580 576 1002 1016 1008 1011 1005 1022 1010 907 1003 901 583 903 1006 885 895 791 893 1001 988 1011 994 897 783 670 1005 681 685 892 897 999 1020 692 1018 1015 798 1021 906 1016 987 689 903 1012 1009 1003 1003 769 1000 573 1005 898 896 1006 995

Tree=0
num_leaves=5
num_cat=0
split_feature=37 40 26 25
split_gain=70.0362 67.8041 63.065 53.7162
threshold=-3.4874989647816377 -0.38230002736377383 0.39302039319665555 -0.56244725461482858
decision_type=2 2 2 2
left_child=-1 3 -3 -2
right_child=1 2 -4 -5
leaf_value=-0.32257302434103241 -0.42237085810313052 -0.43761686386507292 -0.4051069928166231 -0.3863960499072524
leaf_weight=31.978784076869488 282.57107735425234 717.76081721298397 355.73968350142241 398.56180579401553
leaf_count=93 1263 3099 1474 1851
internal_value=-0.415238 -0.416926 -0.426828 -0.401345
internal_weight=1786.61 1754.63 1073.5 681.133
internal_count=7780 7687 4573 3114
is_linear=0
shrinkage=1


Tree=1
num_leaves=7
num_cat=0
split_feature=26 40 37 3 40 16
split_gain=63.1522 58.0615 48.354 36.3624 22.5335 20.7915
threshold=-0.078662004580711792 -0.74917445537293326 -3.4874989647816377 -0.15986964773310128 -1.017745176673408 -0.039857025733252865
decision_type=2 2 2 2 2 2
left_child=1 4 -2 -4 -1 -3
right_child=2 5 3 -5 -6 -7
leaf_value=-0.0013120647875947476 0.08932444466229679 -0.031403641743749648 -0.016823256974388027 0.016786585356382135 0.03274674342936125 -0.0064573884913528149
leaf_weight=259.35710583627224 31.864271096885204 398.36923895310611 161.52518384717405 621.87783532962203 110.12058017402887 203.27074709162116
leaf_count=1176 90 1719 676 2721 501 897
internal_value=0 -0.010888 0.0129627 0.00983578 0.00879445 -0.0230026
internal_weight=1786.38 971.118 815.267 783.403 369.478 601.64
internal_count=7780 4293 3487 3397 1677 2616
is_linear=0
shrinkage=0.0631837


Tree=2
num_leaves=7
num_cat=0
split_feature=26 40 37 20 21 24
split_gain=55.4242 51.2483 41.7457 35.2388 20.5095 20.3889
threshold=-0.078662004580711792 -0.74917445537293326 -3.4874989647816377 1.7337240172977382 0.35445285817975986 -0.50050972850014219
decision_type=2 2 2 2 2 2
left_child=1 4 -2 -4 -1 -3
right_child=2 5 3 -5 -6 -7
leaf_value=0.020523665077752891 0.08261874075719515 -0.038745438766143434 0.013808623261205069 -0.029713549615025241 -0.0097216397784360194 -0.013619759898587047
leaf_weight=220.09206382930279 32.259616181254387 191.01502422615886 702.0599609464407 82.855903275310993 150.01341369748116 407.58910413831472
leaf_count=1015 90 820 3078 319 662 1796
internal_value=0 -0.0102301 0.0121122 0.00919346 0.00822002 -0.0216649
internal_weight=1785.89 968.71 817.175 784.916 370.105 598.604
internal_count=7780 4293 3487 3397 1677 2616
is_linear=0
shrinkage=0.0631837


Tree=3
num_leaves=8
num_cat=0
split_feature=26 40 4 37 40 16 19
split_gain=48.6538 45.232 39.7453 38.1869 19.5789 19.1232 4.74623
threshold=-0.078662004580711792 -0.74917445537293326 -0.42310399040422575 -3.4874989647816377 -1.017745176673408 0.26427402101666247 -0.28115082019476839
decision_type=2 2 2 2 2 2 2
left_child=1 4 6 -4 -1 -3 -2
right_child=2 5 3 -5 -6 -7 -8
leaf_value=-0.0017487482050363436 -0.017592405149171337 -0.026383921219167425 0.083270574900111097 0.011918560040396526 0.02990542225693419 0.00091156761990849548 -0.059655887687122343
leaf_weight=259.70832567289472 18.660517292097211 465.72968196123838 31.313307300209999 738.71570506319404 110.98197458311915 129.89402754977345 30.118860654532909
leaf_count=1176 85 2025 87 3191 501 591 124
internal_value=-7.11783e-07 -0.00961191 0.0113218 0.0148415 0.00768392 -0.0204037 -0.0439017
internal_weight=1785.12 966.314 818.808 770.029 370.69 595.624 48.7794
internal_count=7780 4293 3487 3278 1677 2616 209
is_linear=0
shrinkage=0.0631837


Tree=4
num_leaves=8
num_cat=0
split_feature=28 40 26 3 40 15 34
split_gain=45.3672 44.8741 50.6167 35.0376 20.3687 19.6201 14.6744
threshold=-0.43468809058294511 -0.38230002736377383 0.40864517463255762 -0.15710415108259695 0.98689397796417888 -0.50402548255568236 -0.042737823269062745
decision_type=2 2 2 2 2 2 2
left_child=4 3 -3 -2 6 -6 -1
right_child=1 2 -4 -5 5 -7 -8
leaf_value=-0.030449394483497736 -0.0039756143628054269 -0.015908615007056606 0.017340250172144692 0.037936075851825506 0.038286682739263674 -0.043250041637215873 -0.0026604472653179905
leaf_weight=92.220841996371746 112.64042311161757 415.85256699100137 326.02727100625634 266.24299690499902 12.847935780882834 120.1641775816679 438.03891165181994
leaf_count=390 495 1782 1299 1228 57 582 1947
internal_value=-2.76811e-06 0.00773911 -0.00127487 0.0254325 -0.0131094 -0.0352506 -0.00752441
internal_weight=1784.04 1120.76 741.88 378.883 663.272 133.012 530.26
internal_count=7780 4804 3081 1723 2976 639 2337
is_linear=0
shrinkage=0.0631837


Tree=5
num_leaves=8
num_cat=0
split_feature=36 40 40 40 25 41 25
split_gain=41.1293 63.1965 103.724 47.4978 36.3359 26.3985 12.3161
threshold=-1.1235440203551466 0.98689397796417888 1.0000000180025095e-35 -0.38230002736377383 -0.68072999876823148 0.42422094125720317 0.39012371394340445
decision_type=2 2 2 2 2 2 2
left_child=1 2 -1 4 -2 -5 -3
right_child=3 6 -4 5 -6 -7 -8
leaf_value=0.049573200100694798 -0.010546875081715416 0.014931587508741491 -0.051178006618501928 -0.021539866851010506 0.020739565791810792 0.00053396772165942242 0.088334417215633634
leaf_weight=89.367441549897194 231.34563041478395 11.556667044758795 75.013665579259396 559.31732927169651 409.8697717897594 350.33310620486736 56.324863288551569
leaf_count=334 1031 55 292 2290 1880 1649 249
internal_value=-6.45324e-06 0.0247806 0.00349636 -0.00372925 0.00942601 -0.0130205 0.07608
internal_weight=1783.13 232.263 164.381 1550.87 641.215 909.65 67.8815
internal_count=7780 930 626 6850 2911 3939 304
is_linear=0
shrinkage=0.0631837


Tree=6
num_leaves=8
num_cat=0
split_feature=28 20 16 40 35 26 15
split_gain=38.366 38.6316 52.7758 16.3165 13.4569 12.9107 12.2271
threshold=-0.53255899090277781 1.6887288566315621 -0.14248451415172983 0.98689397796417888 0.74783669765205973 -0.27527269871056087 -0.50402548255568236
decision_type=2 2 2 2 2 2 2
left_child=3 2 -2 5 -3 -1 -5
right_child=1 4 -4 6 -6 -7 -8
leaf_value=-0.015694416197615899 -0.0027611281712104463 -0.053576377137590878 0.024969847885083274 0.028538807629318937 -0.0050720269058762901 0.0062863275325181255 -0.041078928230110362
leaf_weight=303.56271703541279 604.18719269521534 52.659041680395603 499.89857030287385 10.844291768968104 41.743283338844776 163.19010186195374 105.91153608262539
leaf_count=1327 2566 202 2222 48 155 737 523
internal_value=-8.372e-06 0.00645131 0.00977977 -0.0133043 -0.0323027 -0.00797409 -0.034472
internal_weight=1782 1198.49 1104.09 583.509 94.4023 466.753 116.756
internal_count=7780 5145 4788 2635 357 2064 571
is_linear=0
shrinkage=0.0631837


Tree=7
num_leaves=7
num_cat=0
split_feature=34 25 20 40 35 33
split_gain=38.0367 45.4024 37.0908 33.5271 13.3605 4.52631
threshold=-0.34074667907576078 0.24320108706076207 1.8079820429794073 -0.38230002736377383 -0.34486407238432754 -0.34240302905441894
decision_type=2 2 2 2 2 2
left_child=4 3 -3 -2 -1 -6
right_child=1 2 -4 -5 5 -7
leaf_value=0.010176669299198594 0.0067248941470462341 0.022436616801068138 -0.028686394316186269 -0.015095915591308351 -0.026036065122418125 -0.064719670440976013
leaf_weight=15.354735963046549 510.12622928991914 501.25518414005637 63.608879540115595 624.32181050162762 18.287724703550339 48.326629340648651
leaf_count=64 2300 2105 241 2785 85 200
internal_value=-1.12101e-05 0.00200737 0.0166506 -0.00526928 -0.0420593 -0.0543467
internal_weight=1781.28 1699.31 564.864 1134.45 81.9691 66.6144
internal_count=7780 7431 2346 5085 349 285
is_linear=0
shrinkage=0.0631837


Tree=8
num_leaves=8
num_cat=0
split_feature=7 25 40 21 40 21 22
split_gain=36.419 40.0628 41.6762 22.5423 17.2605 9.85038 6.45944
threshold=-0.2193233572371136 -0.63148059972131143 -0.38230002736377383 0.22473584202707739 1.0000000180025095e-35 0.26797484741130501 0.54216682826951967
decision_type=2 2 2 2 2 2 2
left_child=3 5 -3 4 -1 -2 -5
right_child=1 2 -4 6 -6 -7 -8
leaf_value=0.0083589538192751882 -0.0036042080187225667 0.030235216465268465 0.0025291835293146012 -0.053492766262751484 -0.024676890792724088 -0.02451431492194299 -0.025765169974945264
leaf_weight=162.64415309205651 214.8799374429509 327.35234075970948 645.94983045384288 49.497169945389032 102.84668109938502 157.47906222939491 119.42078939080238
leaf_count=710 983 1507 2715 207 478 684 496
internal_value=-1.30072e-05 0.00511264 0.0118645 -0.0159285 -0.00437664 -0.0124917 -0.0339874
internal_weight=1780.07 1345.66 973.302 434.409 265.491 372.359 168.918
internal_count=7780 5889 4222 1891 1188 1667 703
is_linear=0
shrinkage=0.0631837


Tree=9
num_leaves=7
num_cat=0
split_feature=37 42 40 41 25 41
split_gain=35.071 39.3168 35.2455 44.5088 30.8094 16.1384
threshold=-2.4993016093091538 1.0000000180025095e-35 -0.38230002736377383 0.42422094125720317 -0.56244725461482858 -0.85494866168077943
decision_type=2 2 2 2 2 2
left_child=1 5 4 -4 -2 -1
right_child=2 -3 3 -5 -6 -7
leaf_value=-0.029998662457238579 -0.0067725878089347968 0.093771499787986601 -0.019778273607943486 0.0073004487945769218 0.020444396872593636 0.051238956163201052
leaf_weight=25.34176941215992 281.58287845551968 33.086887151002884 627.25794421602041 393.76714630797505 402.22446749918163 15.865426644682882
leaf_count=102 1262 76 2573 1866 1831 70
internal_value=-1.51779e-05 0.0424706 -0.00187629 -0.00931902 0.00921275 0.000880039
internal_weight=1779.13 74.2941 1704.83 1021.03 683.807 41.2072
internal_count=7780 248 7532 4439 3093 172
is_linear=0
shrinkage=0.0631837


Tree=10
num_leaves=7
num_cat=0
split_feature=34 25 19 40 35 13
split_gain=33.5562 37.8226 37.8942 30.5584 12.101 4.09013
threshold=-0.34074667907576078 0.43758049156335904 2.4598552103881763 -0.38230002736377383 -0.34486407238432754 -0.50970483084160145
decision_type=2 2 2 2 2 2
left_child=4 3 -3 -2 -1 -6
right_child=1 2 -4 -5 5 -7
leaf_value=0.0098584391009172399 0.0072502099933227518 0.022224288937343861 -0.049990466226885792 -0.012741939854864952 -0.035273625851714188 -0.068414760083659973
leaf_weight=15.358239412307737 547.22216386720538 429.69558523222804 30.983225762844086 688.57409097347409 33.850916869938374 31.841412581503391
leaf_count=64 2473 1777 95 3086 153 132
internal_value=-1.49317e-05 0.00187334 0.0173317 -0.00387592 -0.0397414 -0.0515876
internal_weight=1777.53 1696.48 460.679 1235.8 81.0506 65.6923
internal_count=7780 7431 1872 5559 349 285
is_linear=0
shrinkage=0.0631837


Tree=11
num_leaves=8
num_cat=0
split_feature=7 25 40 21 40 16 22
split_gain=31.4473 31.8928 30.6797 19.6776 14.0663 9.47629 5.8871
threshold=-0.2193233572371136 -0.63148059972131143 -0.38230002736377383 0.22473584202707739 1.0000000180025095e-35 -0.19650646471772701 0.50564708338529285
decision_type=2 2 2 2 2 2 2
left_child=3 5 -3 4 -1 -2 -5
right_child=1 2 -4 6 -6 -7 -8
leaf_value=0.0073739475429970914 -0.018609256861620776 0.026420975727031427 0.0026943927153579585 -0.051518937400697552 -0.022531124288721987 0.0023685008080925815 -0.024319174569004641
leaf_weight=162.84897079318762 237.10573605634272 329.9057806674391 644.35871871188283 45.63746739178896 101.79750414192677 132.84176054224372 121.56383912265301
leaf_count=710 1054 1507 2715 195 478 613 508
internal_value=-1.63238e-05 0.00473981 0.0107456 -0.0148588 -0.00406704 -0.0110321 -0.0318417
internal_weight=1776.06 1344.21 974.264 431.848 264.646 369.947 167.201
internal_count=7780 5889 4222 1891 1188 1667 703
is_linear=0
shrinkage=0.0631837


Tree=12
num_leaves=8
num_cat=0
split_feature=34 25 40 40 14 36 15
split_gain=30.2522 33.4529 27.2065 23.9546 14.2683 14.2534 5.21955
threshold=-0.042737823269062745 0.51255941297595686 0.98689397796417888 0.98689397796417888 -0.92555685840834301 -0.51310217178013839 -0.5390756892108769
decision_type=2 2 2 2 2 2 2
left_child=4 2 -2 -3 6 -6 -1
right_child=1 3 -4 -5 5 -7 -8
leaf_value=-0.089201581707987435 0.0030032751596522017 0.0091634880793825778 -0.022235599471435254 0.043959360126964588 0.013989410219528396 -0.021219220523194051 -0.034735033990994625
leaf_weight=13.554922994226219 896.43275045696646 251.7858774587512 210.41585951950401 116.25505299866199 58.114281255751848 210.50859907269478 17.687781870365143
leaf_count=46 3995 976 1012 502 249 925 75
internal_value=-1.67123e-05 0.00369363 -0.00177987 0.0201993 -0.0183209 -0.0135409 -0.0588922
internal_weight=1774.76 1474.89 1106.85 368.041 299.866 268.623 31.2427
internal_count=7780 6485 5007 1478 1295 1174 121
is_linear=0
shrinkage=0.0631837


Tree=13
num_leaves=5
num_cat=0
split_feature=37 7 16 21
split_gain=28.6917 26.6267 26.7227 16.1602
threshold=-3.4874989647816377 -0.2193233572371136 -0.20200272133164707 0.22473584202707739
decision_type=2 2 2 2
left_child=-1 3 -3 -2
right_child=1 2 -4 -5
leaf_value=0.058216725389418258 -0.0049895366443926809 -0.0057306255478598014 0.012254245900135253 -0.030418593145943223
leaf_weight=33.134859345853329 257.84104815497994 656.73951410595328 661.21421433240175 164.76883965358138
leaf_count=93 1169 2843 2975 700
internal_value=-1.7132e-05 -0.00113517 0.00327986 -0.0149428
internal_weight=1773.7 1740.56 1317.95 422.61
internal_count=7780 7687 5818 1869
is_linear=0
shrinkage=0.0631837


Tree=14
num_leaves=7
num_cat=0
split_feature=34 28 18 20 35 0
split_gain=27.0824 27.7445 34.2928 17.1874 11.1021 3.87905
threshold=-0.34074667907576078 -0.53255899090277781 1.8054048402412139 1.3807842448630756 -0.34486407238432754 -0.9421969182331883
decision_type=2 2 2 2 2 2
left_child=4 3 -3 -2 -1 -6
right_child=1 2 -4 -5 5 -7
leaf_value=0.011495261821873234 -0.011694208101509292 0.010449905338830917 -0.030976194738019155 0.061523522397114221 -0.014346146794003728 -0.055413106704946681
leaf_weight=15.270191624760626 539.84801458194852 1054.1584327770397 86.142012916505337 13.046091832220553 12.568090885877607 51.658410472795367
leaf_count=64 2479 4578 317 57 56 229
internal_value=-1.70766e-05 0.00166585 0.00730602 -0.00993682 -0.0360684 -0.047633
internal_weight=1772.69 1693.19 1140.3 552.894 79.4967 64.2265
internal_count=7780 7431 4895 2536 349 285
is_linear=0
shrinkage=0.0631837


Tree=15
num_leaves=8
num_cat=0
split_feature=11 42 40 40 41 25 2
split_gain=26.3373 33.5851 51.3744 28.4123 40.2038 25.7837 8.13033
threshold=-1.5656898360469853 1.0000000180025095e-35 0.98689397796417888 -0.38230002736377383 0.42422094125720317 -0.40332342261849236 -0.79996696065941963
decision_type=2 2 2 2 2 2 2
left_child=1 2 -1 5 -5 -2 -3
right_child=3 6 -4 4 -6 -7 -8
leaf_value=-0.029836890495059762 -0.0041474912499005999 0.10550259404319483 0.08748929784604427 -0.019050510651747656 0.0070403691036839931 0.020618273399157019 0.046585343428885359
leaf_weight=51.872386559844017 340.66110664978623 19.686719939112663 20.885916620492935 603.0241130720824 385.99401771649718 329.11177208647132 20.600416451692581
leaf_count=214 1532 49 88 2508 1836 1501 52
internal_value=-1.80326e-05 0.0294811 0.00361662 -0.00203829 -0.00885113 0.00799731 0.0757841
internal_weight=1771.84 113.045 72.7583 1658.79 989.018 669.773 40.2871
internal_count=7780 403 302 7377 4344 3033 101
is_linear=0
shrinkage=0.0631837


Tree=16
num_leaves=8
num_cat=0
split_feature=13 36 40 40 30 36 2
split_gain=25.9916 29.2341 38.2957 25.1351 10.3179 9.38164 7.0079
threshold=-0.80499331398997354 -1.0913932495643197 0.98689397796417888 -0.74917445537293326 0.67269033335534589 -1.2803149176272213 -0.38874629112330289
decision_type=2 2 2 2 2 2 2
left_child=4 2 -2 -3 5 -1 -6
right_child=1 3 -4 -5 6 -7 -8
leaf_value=0.010660602879209316 0.0072502214333080572 0.012209096841015874 0.071908325894690303 -0.0060926938111577535 -0.028324028373284019 -0.021004917497760088 -0.080827434985862409
leaf_weight=50.183654144406319 117.19655178487301 445.71311359480023 53.615059994161129 913.592210249044 33.945739295333624 139.95698949322104 15.595629200339316
leaf_count=206 440 2057 242 4049 135 595 56
internal_value=-1.68381e-05 0.00300437 0.0276417 -7.94803e-05 -0.0193727 -0.012561 -0.0451841
internal_weight=1769.8 1530.12 170.812 1359.31 239.682 190.141 49.5414
internal_count=7780 6788 682 6106 992 801 191
is_linear=0
shrinkage=0.0631837


Tree=17
num_leaves=8
num_cat=0
split_feature=34 25 40 3 3 16 37
split_gain=23.9954 24.8031 22.9835 20.3536 12.7233 14.3516 6.12089
threshold=-0.042737823269062745 0.43758049156335904 0.98689397796417888 -0.16128620198469948 -0.15564489844183169 -0.069578627799449164 -0.28845800324512633
decision_type=2 2 2 2 2 2 2
left_child=4 2 -2 -3 6 -6 -1
right_child=1 3 -4 -5 5 -7 -8
leaf_value=-0.010589387872153267 0.0026926049206251117 -0.018395861281178101 -0.021061469023892283 0.022491197486405795 -0.018418332223949997 0.021638630665882723 -0.039093530636128547
leaf_weight=46.227497667074203 872.16168818157166 56.161266222596169 199.72581250499934 343.81882347911596 97.492954857647419 56.152906347066164 96.807014923542738
leaf_count=188 3890 232 976 1387 432 250 425
internal_value=-1.66522e-05 0.00327827 -0.00171817 0.0167091 -0.0164186 -0.00367169 -0.0299962
internal_weight=1768.55 1471.87 1071.89 399.98 296.68 153.646 143.035
internal_count=7780 6485 4866 1619 1295 682 613
is_linear=0
shrinkage=0.0631837


Tree=18
num_leaves=8
num_cat=0
split_feature=7 25 40 21 1 21 22
split_gain=23.285 26.3344 30.2542 10.8956 10.0788 9.05992 7.34795
threshold=-0.22862944419123357 -0.63148059972131143 -0.38230002736377383 0.22473584202707739 -0.69993118671527821 0.26797484741130501 0.50564708338529285
decision_type=2 2 2 2 2 2 2
left_child=3 5 -3 4 -1 -2 -5
right_child=1 2 -4 6 -6 -7 -8
leaf_value=-0.025758215316221748 -0.0021188346360563048 0.024054438099041675 0.0011007845666916095 -0.053006887547365281 0.0033773689124628578 -0.021944003485567215 -0.019374417564909974
leaf_weight=67.879997283220291 221.71464404650033 349.43072577752173 671.23151634633541 35.718778647482395 154.79472098872066 159.89317090064287 106.44021696597338
leaf_count=285 1034 1586 2840 157 723 708 447
internal_value=-1.80551e-05 0.00367213 0.00897524 -0.0142467 -0.00543045 -0.0104686 -0.0279406
internal_weight=1767.1 1402.27 1020.66 364.834 222.675 381.608 142.159
internal_count=7780 6168 4426 1612 1008 1742 604
is_linear=0
shrinkage=0.0631837


Tree=19
num_leaves=8
num_cat=0
split_feature=13 28 14 21 30 23 3
split_gain=22.8627 26.4695 25.2393 22.9852 9.26503 9.02773 6.65547
threshold=-0.80499331398997354 -0.11692444340830251 1.213298590895123 0.24635534471919115 0.67269033335534589 -0.9193720506711196 -0.10870216370341544
decision_type=2 2 2 2 2 2 2
left_child=4 3 -3 -2 5 -1 -6
right_child=1 2 -4 -5 6 -7 -8
leaf_value=-0.055850930828924644 0.00496449654067848 0.015628573151011644 -0.015230806649782493 -0.01745191472223415 -0.027963954765663879 -0.0073259251343810511 -0.081747893869127924
leaf_weight=16.996238648891449 376.16387292649597 672.82373657077551 125.026706058532 353.44555608555675 35.763155873864889 172.23159048706293 13.254225783050058
leaf_count=65 1791 2888 545 1564 140 736 51
internal_value=-1.91159e-05 0.00281103 0.0107722 -0.00587217 -0.018233 -0.0117713 -0.0428426
internal_weight=1765.71 1527.46 797.85 729.609 238.245 189.228 49.0174
internal_count=7780 6788 3433 3355 992 801 191
is_linear=0
shrinkage=0.0631837


Tree=20
num_leaves=8
num_cat=0
split_feature=16 40 11 33 13 13 14
split_gain=22.2752 29.0432 28.2227 15.7053 17.0395 11.9013 6.25747
threshold=-0.20200272133164707 1.3537684059733384 -0.83220753664220937 -1.1263871640424024 -0.79880350132227407 -0.83226265778190267 1.0715093753854175
decision_type=2 2 2 2 2 2 2
left_child=3 2 -2 4 -1 -5 -3
right_child=1 6 -4 5 -6 -7 -8
leaf_value=-0.012466339019013893 0.044838010797053421 -0.051389786180693633 0.0060280733593868424 -0.034236178531981236 0.024242953576799803 -0.0087316505528475113 -0.0052024324407231584
leaf_weight=89.838374949991703 83.227639134973288 38.366828627884388 760.62250893563032 84.443532275035977 114.20465989690274 576.11655803024769 18.053843930363655
leaf_count=412 306 181 3455 316 545 2473 92
internal_value=-2.15041e-05 0.00692549 0.00987533 -0.00727411 0.00799958 -0.012017 -0.0369019
internal_weight=1764.87 900.271 843.85 864.603 204.043 660.56 56.4207
internal_count=7780 4034 3761 3746 957 2789 273
is_linear=0
shrinkage=0.0631837


Tree=21
num_leaves=7
num_cat=0
split_feature=34 7 28 35 35 33
split_gain=21.3326 21.8767 22.1543 10.0492 8.80072 3.77852
threshold=-0.34074667907576078 -0.23338177222288489 -0.53255899090277781 -0.34486407238432754 0.72923753560889326 -0.36303419050147107
decision_type=2 2 2 2 2 2
left_child=3 4 -3 -1 -2 -5
right_child=1 2 -4 5 -6 -7
leaf_value=0.01289319076710933 -0.01678632303882692 -0.0067886769258611182 0.010441670101571304 -0.016417427505674275 0.020048141238436502 -0.053189330656290001
leaf_weight=15.172690801322458 289.14861658960581 436.64879895746708 932.17672133725137 16.64788743853569 28.048018209636211 45.867737986147404
leaf_count=64 1281 2026 4005 82 119 203
internal_value=-2.24432e-05 0.00145985 0.00493326 -0.0324034 -0.0134774 -0.04366
internal_weight=1763.71 1686.02 1368.83 77.6883 317.197 62.5156
internal_count=7780 7431 6031 349 1400 285
is_linear=0
shrinkage=0.0631837


Tree=22
num_leaves=8
num_cat=0
split_feature=3 37 42 40 11 19 26
split_gain=20.3893 22.9812 45.8956 20.111 13.7398 9.65123 5.06225
threshold=-0.16136610258974643 -2.0468535440209741 1.0000000180025095e-35 -0.38230002736377383 -0.026913443730115522 -0.30200779814156753 0.6844558967810751
decision_type=2 2 2 2 2 2 2
left_child=4 2 -2 -3 5 -1 -6
right_child=1 3 -4 -5 6 -7 -8
leaf_value=0.006914416412575666 -0.0053740759318002271 0.010018506654605394 0.085099090838273925 -0.0053796675586611654 -0.027227465939183491 -0.021039046251387937 -0.063999479746983556
leaf_weight=95.028233835473657 51.290689431130886 568.46040888503194 39.292387872934341 836.75484827160835 46.432574979960918 101.140828974545 24.220596699044108
leaf_count=423 213 2590 92 3738 200 416 108
internal_value=-2.26175e-05 0.00283817 0.0336891 0.000837748 -0.0161217 -0.007414 -0.040066
internal_weight=1762.62 1495.8 90.5831 1405.22 266.822 196.169 70.6532
internal_count=7780 6633 305 6328 1147 839 308
is_linear=0
shrinkage=0.0631837


Tree=23
num_leaves=8
num_cat=0
split_feature=16 28 21 37 13 40 40
split_gain=19.5321 25.389 29.2299 19.0378 21.1985 17.4371 13.7165
threshold=-0.05688734467395886 -0.2308094010448937 0.91655992817471765 -0.13554158409881328 -0.83226265778190267 -0.74917445537293326 0.98689397796417888
decision_type=2 2 2 2 2 2 2
left_child=3 6 -3 4 -1 -5 -2
right_child=1 2 -4 5 -6 -7 -8
leaf_value=-0.026162676911573271 0.0010065742395775517 0.031109170529081874 -0.0020153839226604614 0.0010544882202877242 0.0091087039315116726 -0.022942122149289434 -0.030617779924204704
leaf_weight=81.636485114693642 246.88798919692636 258.70023186132312 179.0782307498157 188.35788962990046 405.00173561275005 331.23175105638802 70.033575229346752
leaf_count=328 1138 1166 737 837 1696 1515 363
internal_value=-2.24909e-05 0.00765182 0.0175216 -0.00579479 0.00315792 -0.0142114 -0.00592991
internal_weight=1760.93 754.7 437.778 1006.23 486.638 519.59 316.922
internal_count=7780 3404 1903 4376 2024 2352 1501
is_linear=0
shrinkage=0.0631837


Tree=24
num_leaves=8
num_cat=0
split_feature=34 7 25 14 21 24 15
split_gain=18.7334 17.6533 20.1813 11.5963 10.5314 8.32699 4.73214
threshold=-0.042737823269062745 -0.23338177222288489 0.74761603651383457 -0.92555685840834301 0.030160317798053598 -1.5703789129759909 -0.5390756892108769
decision_type=2 2 2 2 2 2 2
left_child=3 5 -3 6 -5 -2 -1
right_child=1 2 -4 4 -6 -7 -8
leaf_value=-0.081525551493922238 -0.053067545886216913 0.0020907210964089696 0.022819787242650633 0.0033647741583001144 -0.021917727114023133 -0.0088323157413874517 -0.028619646130928184
leaf_weight=12.931681301444771 18.512530833482742 973.95622862037271 232.91763285920024 120.20060948655009 142.69626461155713 240.78489690274 17.065300770103931
leaf_count=46 77 4418 925 556 618 1065 75
internal_value=-2.27071e-05 0.00288224 0.0061049 -0.0146205 -0.0102956 -0.0120539 -0.0519756
internal_weight=1759.07 1466.17 1206.87 292.894 262.897 259.297 29.997
internal_count=7780 6485 5343 1295 1174 1142 121
is_linear=0
shrinkage=0.0631837


Tree=25
num_leaves=8
num_cat=0
split_feature=18 16 28 23 2 23 29
split_gain=17.6436 23.1802 28.4488 15.9819 13.7637 10.0285 4.45726
threshold=1.8054048402412139 -0.20200272133164707 -0.20893196797797078 0.33819759490817691 -1.6437956510699949 0.64709499194867715 0.80679188293219206
decision_type=2 2 2 2 2 2 2
left_child=1 4 -3 6 -1 -5 -2
right_child=3 2 -4 5 -6 -7 -8
leaf_value=-0.033503359835280896 -0.076147345477321604 -0.0038496602837401954 0.019809896616241149 0.043286935777673306 -0.0034641101388181283 -0.019589392492175371 -0.033934497638795309
leaf_weight=66.299301885068417 20.971978206187487 369.68993228301406 447.06448135897517 13.915379971265791 779.96871343441308 36.946193963289261 23.075315304100513
leaf_count=294 75 1753 1962 61 3411 136 88
internal_value=-2.3193e-05 0.00147962 0.00908067 -0.0265292 -0.00583691 -0.00206352 -0.0544064
internal_weight=1757.93 1663.02 816.754 94.9089 846.268 50.8616 44.0473
internal_count=7780 7420 3715 360 3705 197 163
is_linear=0
shrinkage=0.0631837


Tree=26
num_leaves=6
num_cat=0
split_feature=34 37 40 35 0
split_gain=16.6743 17.2928 19.8487 8.70402 3.7644
threshold=-0.34074667907576078 -3.4874989647816377 -0.38230002736377383 -0.34486407238432754 -0.9421969182331883
decision_type=2 2 2 2 2
left_child=3 -2 -3 -1 -5
right_child=1 2 -4 4 -6
leaf_value=0.013040243156486477 0.048284009021892643 0.0089551734756873926 -0.0052114763116529756 -0.0065804760378572209 -0.047650785049950704
leaf_weight=15.146742694079874 30.674011796712875 653.68225974962115 996.64796647243202 12.085987158119677 48.673703970387578
leaf_count=64 90 2956 4385 56 229
internal_value=-2.50521e-05 0.00127358 0.000389853 -0.0290009 -0.039752
internal_weight=1756.91 1681 1650.33 75.9064 60.7597
internal_count=7780 7431 7341 349 285
is_linear=0
shrinkage=0.0631837


Tree=27
num_leaves=8
num_cat=0
split_feature=3 26 18 11 2 31 6
split_gain=16.1501 19.3969 18.5312 12.3687 11.8207 9.52757 4.49022
threshold=-0.16136610258974643 -1.0425827864327346 1.8054048402412139 -0.026913443730115522 0.32174275023453569 -0.029990541176412325 0.14157165303343891
decision_type=2 2 2 2 2 2 2
left_child=3 4 -3 5 -2 -1 -5
right_child=1 2 -4 6 -6 -7 -8
leaf_value=0.00073020167975411453 -0.034571222737478577 0.0066515883459877323 -0.025603602892230605 -0.044247462063654708 0.0028185618216972491 -0.034098726597559276 0
leaf_weight=155.6884381333366 85.269250992685556 1276.1851488761604 75.131212312728167 58.703908232972026 54.602967530488968 38.999461874365807 10.79026587307453
leaf_count=672 390 5712 285 271 246 167 37
internal_value=-2.36448e-05 0.00251787 0.00484608 -0.0144316 -0.0198575 -0.00616219 -0.0373618
internal_weight=1755.37 1491.19 1351.32 264.182 139.872 194.688 69.4942
internal_count=7780 6633 5997 1147 636 839 308
is_linear=0
shrinkage=0.0631837


Tree=28
num_leaves=8
num_cat=0
split_feature=7 2 36 21 40 34 33
split_gain=16.2292 17.8838 21.5066 12.5837 10.0105 8.24892 5.0268
threshold=-0.2193233572371136 -1.6437956510699949 -1.8269243155728081 0.22473584202707739 -0.015425599354614695 0.24248783454115166 0.8129420119805042
decision_type=2 2 2 2 2 2 2
left_child=3 5 -3 4 -1 -2 -5
right_child=1 2 -4 6 -6 -7 -8
leaf_value=0.010510122637839322 -0.034451292543886861 0.036207560413832579 0.0029997166479590015 -0.03701321901448814 -0.014252784959818422 0.022098484672955034 -0.014119744016268266
leaf_weight=126.00800126045942 67.022895099595189 83.579455979168415 1171.3852160796523 73.998891547322273 134.47390500828624 11.797377258539198 86.31465557217598
leaf_count=571 295 320 5224 325 617 50 378
internal_value=-2.38181e-05 0.00337997 0.00522443 -0.0108518 -0.00221061 -0.0257786 -0.0247897
internal_weight=1754.58 1333.78 1254.96 420.795 260.482 78.8203 160.314
internal_count=7780 5889 5544 1891 1188 345 703
is_linear=0
shrinkage=0.0631837


Tree=29
num_leaves=8
num_cat=0
split_feature=13 11 42 41 34 18 37
split_gain=15.7114 17.4824 32.3392 25.7104 8.88223 16.6113 13.8736
threshold=-0.80499331398997354 -0.86269329919913174 1.0000000180025095e-35 0.42422094125720317 0.19092684436547117 -0.74349580996077314 -0.21441227617600209
decision_type=2 2 2 2 2 2 2
left_child=4 2 -2 -3 6 -6 -1
right_child=1 3 -4 -5 5 -7 -8
leaf_value=-0.0061899227954637318 0.0053859728549473492 -0.008360332022541642 0.06008236099106596 0.0098775047204471469 -0.031496135802494149 0.036802157012359935 -0.042008675640492779
leaf_weight=97.909181708469987 196.58587740361691 735.27365583833307 55.607413209974766 531.54415035992861 25.538921892642975 31.843416184186935 79.057551372796297
leaf_count=410 845 3303 153 2487 110 134 338
internal_value=-2.2899e-05 0.00231695 0.0175115 -0.000694936 -0.0152596 0.00611833 -0.0222844
internal_weight=1753.36 1519.01 252.193 1266.82 234.349 57.3823 176.967
internal_count=7780 6788 998 5790 992 244 748
is_linear=0
shrinkage=0.0631837


Tree=30
num_leaves=8
num_cat=0
split_feature=16 28 21 21 0 7 40
split_gain=15.0415 19.0715 23.1143 16.8702 27.9193 14.1603 11.6361
threshold=-0.05688734467395886 -0.2308094010448937 0.91655992817471765 0.48416987433244252 -0.73449889512688105 -0.21007520397637477 0.98689397796417888
decision_type=2 2 2 2 2 2 2
left_child=3 6 -3 4 -1 -5 -2
right_child=1 2 -4 5 -6 -7 -8
leaf_value=-0.013469039257703078 0.001259936791292776 0.02729974058359937 -0.0021756758463590559 -0.046097837096008287 0.011849136888829607 -0.010914719870256823 -0.028060210593639959
leaf_weight=320.88246654067189 246.29569460824132 259.37544855475426 178.21098843589425 57.018595926463604 379.4955360237509 241.76122189313173 68.902072042226791
leaf_count=1368 1138 1166 737 245 1745 1018 363
internal_value=-2.21789e-05 0.00671324 0.015258 -0.00511323 0.000225979 -0.017684 -0.00509726
internal_weight=1751.94 752.784 437.586 999.158 700.378 298.78 315.198
internal_count=7780 3404 1903 4376 3113 1263 1501
is_linear=0
shrinkage=0.0631837


Tree=31
num_leaves=8
num_cat=0
split_feature=7 3 37 34 28 3 21
split_gain=13.9099 16.9652 18.1275 9.36296 7.98696 13.2479 7.88378
threshold=-0.22862944419123357 -0.15798669512750288 -2.0468535440209741 -0.040010547847785329 -1.0312716470144421 -0.13618549929561766 0.22473584202707739
decision_type=2 2 2 2 2 2 2
left_child=4 3 -3 -2 5 -1 -6
right_child=1 2 -4 -5 6 -7 -8
leaf_value=0.043410876743385167 -0.027553020668580168 0.037027529302835066 0.0044728866235931421 -0.0032687085165029272 -0.0064938124424780679 -0.022758417037320875 -0.027216068761118744
leaf_weight=26.007705099880695 85.979591120034456 73.616349883377552 984.3714622631669 249.04538457561284 184.58970864117146 22.223663404583931 124.72966932505369
leaf_count=121 378 249 4462 1079 839 108 544
internal_value=-2.32988e-05 0.00282073 0.00675363 -0.00955003 -0.0111496 0.012581 -0.014903
internal_weight=1750.56 1393.01 1057.99 335.025 357.551 48.2314 309.319
internal_count=7780 6168 4711 1457 1612 229 1383
is_linear=0
shrinkage=0.0631837


Tree=32
num_leaves=8
num_cat=0
split_feature=0 21 16 25 28 37 41
split_gain=13.5655 19.3541 19.3184 14.3749 10.1295 8.05762 5.39617
threshold=-1.3553584496186228 0.22473584202707739 -0.10383355235194887 0.17142827145480161 0.85871051396041109 -2.4993016093091538 -0.85494866168077943
decision_type=2 2 2 2 2 2 2
left_child=4 3 -3 -2 5 -1 -6
right_child=1 2 -4 -5 6 -7 -8
leaf_value=0.040117377168126057 0.0034903854013309779 -0.015690770306258931 0.0034138790667431434 0.022983662860644363 -0.072925817525787862 -0.013821331922513743 -0.022685353280908625
leaf_weight=12.064862444996832 495.23724444583058 362.29138171300292 504.64739637076855 218.98833340778947 17.108259230852127 119.3129695886746 19.615794956684113
leaf_count=42 2334 1557 2202 974 58 535 78
internal_value=-2.36311e-05 0.00178118 -0.00455093 0.00949023 -0.0170975 -0.00874278 -0.0465382
internal_weight=1749.27 1581.16 866.939 714.226 168.102 131.378 36.7241
internal_count=7780 7067 3759 3308 713 577 136
is_linear=0
shrinkage=0.0631837


Tree=33
num_leaves=7
num_cat=0
split_feature=18 16 28 4 25 10
split_gain=13.1293 16.389 20.8687 14.5066 12.1871 10.9286
threshold=1.8054048402412139 -0.20200272133164707 -0.53255899090277781 0.51213573172438898 -0.052583567952732259 2.063662021259804
decision_type=2 2 2 2 2 2
left_child=1 4 -3 5 -1 -2
right_child=3 2 -4 -5 -6 -7
leaf_value=-0.010931770535453741 -0.050028843389578609 -0.006892893200208295 0.014672139145045471 0.032512724212880643 0.0046918418185101654 0.00062076016400566065
leaf_weight=517.48771873861551 53.968221295624971 264.32807321846485 550.71370112523437 15.337903670966623 322.43311628513038 23.903388261795044
leaf_count=2366 199 1276 2439 57 1339 104
internal_value=-2.26817e-05 0.00126738 0.00765816 -0.0231045 -0.00491452 -0.0342703
internal_weight=1748.17 1654.96 815.042 93.2095 839.921 77.8716
internal_count=7780 7420 3715 360 3705 303
is_linear=0
shrinkage=0.0631837


Tree=34
num_leaves=8
num_cat=0
split_feature=34 26 40 14 37 41 15
split_gain=12.5674 12.1839 14.8742 9.94521 9.27999 6.3121 4.25842
threshold=-0.042737823269062745 -1.0425827864327346 -0.38230002736377383 -0.92555685840834301 -0.26120302239564458 -1.1977011237704513 -0.5390756892108769
decision_type=2 2 2 2 2 2 2
left_child=3 5 -3 6 -5 -2 -1
right_child=1 2 -4 4 -6 -7 -8
leaf_value=-0.076114483416356488 0.02385095000827225 0.012962635860864526 -0.00090208219503803901 0.0099505721154865921 -0.016008939146590566 -0.020188240085129892 -0.024970564248864006
leaf_weight=12.343251980841162 14.193405222147701 489.50095573067665 831.97183449566364 78.25930174998939 180.36933206021786 123.33486481755972 16.662139937281609
leaf_count=46 61 2223 3623 342 832 578 75
internal_value=-2.14574e-05 0.00234879 0.00422125 -0.0121015 -0.00809018 -0.0155237 -0.0473019
internal_weight=1746.64 1459 1321.47 287.634 258.629 137.528 29.0054
internal_count=7780 6485 5846 1295 1174 639 121
is_linear=0
shrinkage=0.0631837


Tree=35
num_leaves=8
num_cat=0
split_feature=7 3 40 34 28 29 24
split_gain=12.0135 14.1318 16.9112 7.73526 7.41261 10.1636 6.7413
threshold=-0.22862944419123357 -0.15798669512750288 -0.38230002736377383 -0.040010547847785329 -0.89732929206505541 -1.3598742900873708 -1.5703789129759909
decision_type=2 2 2 2 2 2 2
left_child=4 3 -3 -2 5 -1 -6
right_child=1 2 -4 -5 6 -7 -8
leaf_value=-0.027503527546580486 -0.025215494777228377 0.016689802922086803 8.7212284971305035e-05 -0.0030072446597681863 -0.050708664595468349 0.026247852627094354 -0.012034582704054038
leaf_weight=20.454192288219929 84.748410999774933 388.49641183763742 668.19860875234008 248.41869779117405 19.639545649290085 43.78221321105957 271.77989629656076
leaf_count=96 378 1792 2919 1079 83 211 1222
internal_value=-2.19404e-05 0.00262021 0.00620676 -0.00870576 -0.0103934 0.0088763 -0.0146974
internal_weight=1745.52 1389.86 1056.7 333.167 355.656 64.2364 291.419
internal_count=7780 6168 4711 1457 1612 307 1305
is_linear=0
shrinkage=0.0631837


Tree=36
num_leaves=8
num_cat=0
split_feature=20 26 3 8 35 23 3
split_gain=12.0421 16.2917 24.1139 17.3569 12.0087 9.56705 8.1734
threshold=1.7337240172977382 -0.078662004580711792 -0.060757181947328778 -0.29115293692797134 0.74783669765205973 0.77694856691145542 -0.14905058024593623
decision_type=2 2 2 2 2 2 2
left_child=1 2 -1 -3 6 -6 -2
right_child=4 3 -4 -5 5 -7 -8
leaf_value=0.00084017285669878475 -0.010930836612090768 -0.0024849316015899212 -0.024317570674595067 0.01703278971856648 0.023148306916509563 -0.038392650174781141 -0.066049350951248739
leaf_weight=729.32890398148447 18.540937192738056 328.98489475622773 191.81738967448473 403.29182956553996 28.393859803676605 15.615681283175944 28.426736623048782
leaf_count=3331 82 1386 921 1782 113 54 111
internal_value=-2.23744e-05 0.00119961 -0.00438077 0.00824174 -0.0224115 0.000938369 -0.0446409
internal_weight=1744.4 1653.42 921.146 732.277 90.9772 44.0095 46.9677
internal_count=7780 7420 4252 3168 360 167 193
is_linear=0
shrinkage=0.0631837


Tree=37
num_leaves=8
num_cat=0
split_feature=13 21 40 6 5 18 36
split_gain=11.4067 17.9946 19.6267 17.4415 8.02123 12.6547 10.8833
threshold=-0.80499331398997354 0.22473584202707739 -0.74917445537293326 -0.1217500858410983 0.092325699395135324 -0.74349580996077314 -1.2803149176272213
decision_type=2 2 2 2 2 2 2
left_child=4 2 -2 -3 6 -6 -1
right_child=1 3 -4 -5 5 -7 -8
leaf_value=0.0060155078306223303 0.025593822202455863 -0.021785248100081818 0.0023447102898675296 0.00049735799600796277 -0.025266112456683216 0.024699283212725215 -0.0321959077419776
leaf_weight=39.979227758944035 211.42208364233375 177.92747833579779 467.08535399474204 655.80460497364402 35.978920646011829 46.062745202332735 109.17617625556886
leaf_count=165 1000 793 2153 2842 158 195 474
internal_value=-2.30993e-05 0.00196576 0.00961334 -0.00423827 -0.0131032 0.00258679 -0.0218436
internal_weight=1743.44 1512.24 678.507 833.732 231.197 82.0417 149.155
internal_count=7780 6788 3153 3635 992 353 639
is_linear=0
shrinkage=0.0631837


Tree=38
num_leaves=5
num_cat=0
split_feature=17 8 36 40
split_gain=11.3349 12.5982 26.766 19.305
threshold=-1.8458630628636821 -0.74522528859566695 -1.0913932495643197 -0.38230002736377383
decision_type=2 2 2 2
left_child=-1 3 -3 -2
right_child=1 2 -4 -5
leaf_value=0.057578692069839912 0.0081894352691205333 0.032349457765812981 -0.0003849927097724721 -0.023325918018017238
leaf_weight=13.528295025229452 122.79180777072906 107.99824525415897 1289.9302417067811 208.0033935084939
leaf_count=62 531 444 5863 880
internal_value=-2.14499e-05 -0.000481719 0.00213217 -0.0115776
internal_weight=1742.25 1728.72 1397.93 330.795
internal_count=7780 7718 6307 1411
is_linear=0
shrinkage=0.0631837


Tree=39
num_leaves=8
num_cat=0
split_feature=18 28 16 23 15 23 2
split_gain=10.7644 13.9113 20.2334 12.6336 12.5641 8.49319 4.35441
threshold=1.8054048402412139 -0.53255899090277781 -0.32606674695197158 0.33819759490817691 -0.21052354136126578 0.64709499194867715 1.4503535825874467
decision_type=2 2 2 2 2 2 2
left_child=1 4 -3 6 -1 -5 -2
right_child=3 2 -4 5 -6 -7 -8
leaf_value=0.0093162600507021524 -0.0633935415527737 -0.0048547736513268186 0.012540423365819779 0.042283653423843721 -0.012554925537721393 -0.015804937413282729 -0.019781815719043187
leaf_weight=139.57491330429912 25.44280980527401 456.701715067029 639.15711039304733 13.905589476227759 413.85126835107803 36.207155659794807 16.325677506625652
leaf_count=611 90 1979 2835 61 1995 136 73
internal_value=-1.95375e-05 0.0011436 0.00527593 -0.021077 -0.00700926 0 -0.0467411
internal_weight=1741.17 1649.29 1095.86 91.8812 553.426 50.1127 41.7685
internal_count=7780 7420 4814 360 2606 197 163
is_linear=0
shrinkage=0.0631837


Tree=40
num_leaves=8
num_cat=0
split_feature=3 26 20 11 2 31 26
split_gain=10.8511 13.4924 13.0408 11.142 10.2554 8.48351 4.42934
threshold=-0.16136610258974643 -1.0425827864327346 1.7337240172977382 -0.026913443730115522 0.32174275023453569 -0.029990541176412325 0.6844558967810751
decision_type=2 2 2 2 2 2 2
left_child=3 4 -3 5 -2 -1 -5
right_child=1 2 -4 6 -6 -7 -8
leaf_value=0.002449221192491983 -0.030733636814225147 0.0055100425677364921 -0.021778734526370521 -0.021868626615991885 0.0043693041966222056 -0.03077904433076873 -0.057089411980037384
leaf_weight=153.72928679455072 83.196214713156223 1269.1760231032968 73.788652125746012 44.87017785012722 54.082817681133747 38.129167728126049 22.879345290362835
leaf_count=672 390 5707 290 200 246 167 108
internal_value=-2.03202e-05 0.00205988 0.00399843 -0.0119446 -0.0167846 -0.00406872 -0.0340056
internal_weight=1739.85 1480.24 1342.96 259.608 137.279 191.858 67.7495
internal_count=7780 6633 5997 1147 636 839 308
is_linear=0
shrinkage=0.0631837


Tree=41
num_leaves=6
num_cat=0
split_feature=34 37 40 35 13
split_gain=10.3836 11.8932 12.8825 7.63394 3.93536
threshold=-0.34074667907576078 -4.4939990828933505 -0.38230002736377383 -0.34486407238432754 -0.50970483084160145
decision_type=2 2 2 2 2
left_child=3 -2 -3 -1 -5
right_child=1 2 -4 4 -6
leaf_value=0.016145336594022858 0.065540391602118539 0.0074579354247012392 -0.0039479671708601794 -0.017399022755431464 -0.051568459890023059
leaf_weight=14.920141465961931 11.321475997567175 652.2780843898654 1002.6250645909458 30.351221263408661 27.425499178469181
leaf_count=64 30 2958 4443 153 132
internal_value=-2.11082e-05 0.000989261 0.000537718 -0.0234052 -0.0339032
internal_weight=1738.92 1666.22 1654.9 72.6969 57.7767
internal_count=7780 7431 7401 349 285
is_linear=0
shrinkage=0.0631837


Tree=42
num_leaves=7
num_cat=0
split_feature=23 39 29 31 11 18
split_gain=10.0758 11.6811 22.7105 15.8402 10.8024 6.94017
threshold=-0.90524136155733703 0.447112703087505 0.96866719580883376 -0.10098271819342459 -1.4851048166702945 -0.72495299680423819
decision_type=2 2 2 2 2 2
left_child=4 3 -3 -2 -1 -6
right_child=1 2 -4 -5 5 -7
leaf_value=0.036487426368006726 0.040871747999400798 0.0019311741957430094 0.031408306839486443 -0.0045410816193700819 -0.04937837716656477 -0.013780631166406815
leaf_weight=13.808804392814634 31.665879353880882 510.1889737509191 131.64917352423072 922.20982063375413 28.995973713696003 99.10681426525116
leaf_count=47 140 2302 575 4143 128 445
internal_value=-1.97046e-05 0.00140564 0.00800293 -0.00301627 -0.0161627 -0.0219665
internal_weight=1737.63 1595.71 641.838 953.876 141.912 128.103
internal_count=7780 7160 2877 4283 620 573
is_linear=0
shrinkage=0.0631837


Tree=43
num_leaves=5
num_cat=0
split_feature=17 16 11 32
split_gain=9.81291 11.1385 14.6117 13.4051
threshold=-1.8458630628636821 -0.05688734467395886 -1.4186419426232237 -0.025916320341001307
decision_type=2 2 2 2
left_child=-1 3 -3 -2
right_child=1 2 -4 -5
leaf_value=0.053375064158304002 -0.023490181450245284 0.045204113346574204 0.0033570598043136655 -0.0019314888519145347
leaf_weight=13.628570929169653 133.85831351578236 35.05351036041975 712.90111031755805 841.59020689502358
leaf_count=62 572 119 3278 3749
internal_value=-1.82765e-05 -0.00045005 0.00534024 -0.00490679
internal_weight=1737.03 1723.4 747.955 975.449
internal_count=7780 7718 3397 4321
is_linear=0
shrinkage=0.0631837


Tree=44
num_leaves=8
num_cat=0
split_feature=14 0 27 13 28 18 20
split_gain=9.27664 14.7659 14.0351 12.2282 15.3231 8.92632 8.56435
threshold=1.1925180654144116 1.2623407551617234 0.23738938311351279 -0.79880350132227407 -0.50340890455443266 -0.74349580996077314 1.7337240172977382
decision_type=2 2 2 2 2 2 2
left_child=3 6 -3 5 -5 -1 -2
right_child=1 2 -4 4 -6 -7 -8
leaf_value=-0.02438792132438183 -0.018364320882229612 0.035980994251064456 -0.012860321915459643 -0.0054549675348103694 0.0091998603173517306 0 -0.061504186378943226
leaf_weight=111.39618150144815 102.07483889535069 38.560195252299309 59.531746432185173 429.08648956939578 841.55638217460364 130.83454979211092 23.10141334682703
leaf_count=489 482 167 280 2028 3678 565 91
internal_value=-1.62995e-05 -0.0120482 0.00617168 0.00174848 0.00423809 -0.0112431 -0.0264572
internal_weight=1736.14 223.268 98.0919 1512.87 1270.64 242.231 125.176
internal_count=7780 1020 447 6760 5706 1054 573
is_linear=0
shrinkage=0.0631837


Tree=45
num_leaves=7
num_cat=0
split_feature=2 40 1 7 3 25
split_gain=9.27075 13.0243 18.2341 11.8283 5.23131 4.70614
threshold=-1.6437956510699949 1.3537684059733384 -1.0824636409330795 -0.23338177222288489 -0.087283620444801771 0.49451754998432984
decision_type=2 2 2 2 2 2
left_child=4 3 -3 -2 5 -1
right_child=1 2 -4 -5 -6 -7
leaf_value=-0.025861931996008145 -0.0088725495593829588 0.054011298991035364 -0.030937446741741301 0.0051307509199051077 -0.059642368262492723 0.0077340401482408278
leaf_weight=46.134917653165758 297.35295145958662 11.267716385424135 88.15119930356741 1255.1259597763419 11.98862265050411 25.062181547284126
leaf_count=218 1352 49 435 5572 51 103
internal_value=-1.81351e-05 0.00100879 -0.0211443 0.00243805 -0.0206085 -0.0138048
internal_weight=1735.08 1651.9 99.4189 1552.48 83.1857 71.1971
internal_count=7780 7408 484 6924 372 321
is_linear=0
shrinkage=0.0631837


Tree=46
num_leaves=6
num_cat=0
split_feature=34 37 8 35 0
split_gain=9.12188 10.0445 10.4408 6.92398 4.02564
threshold=-0.34074667907576078 -4.4939990828933505 -2.2739090316158341 -0.34486407238432754 -0.9421969182331883
decision_type=2 2 2 2 2
left_child=3 -2 -3 -1 -5
right_child=1 2 -4 4 -6
leaf_value=0.015471442381345976 0.061316084450428888 -0.052847491042896932 0.00099799943661100414 0 -0.040648970103946469
leaf_weight=14.939831010997294 10.927273780107496 14.497625783085821 1636.9099399382249 11.425068583339451 45.469792811200023
leaf_count=64 30 55 7346 56 229
internal_value=-1.82071e-05 0.000924898 0.000515334 -0.0220716 -0.032219
internal_weight=1734.17 1662.33 1651.41 71.8347 56.8949
internal_count=7780 7431 7401 349 285
is_linear=0
shrinkage=0.0631837


Tree=47
num_leaves=5
num_cat=0
split_feature=17 40 0 21
split_gain=9.00871 10.8698 21.414 13.742
threshold=-1.8458630628636821 -0.38230002736377383 -0.63388328421500872 0.33283335548764631
decision_type=2 2 2 2
left_child=-1 3 -3 -2
right_child=1 2 -4 -5
leaf_value=0.051074137397798966 0.01388957952690519 -0.019583757380838732 0.00093523314564661244 -0.0040964366441794331
leaf_weight=13.664535194635389 374.572445679456 276.300672207959 760.85949462279677 307.93307690881193
leaf_count=62 1718 1211 3398 1391
internal_value=-1.581e-05 -0.000431336 -0.00451519 0.00575055
internal_weight=1733.33 1719.67 1037.16 682.506
internal_count=7780 7718 4609 3109
is_linear=0
shrinkage=0.0631837


Tree=48
num_leaves=8
num_cat=0
split_feature=3 25 3 19 11 19 1
split_gain=8.92508 12.0168 19.5551 18.9926 9.5641 7.19658 4.30385
threshold=-0.16136610258974643 0.51255941297595686 -0.11199212876562736 2.4598552103881763 -0.026913443730115522 -0.30200779814156753 0.93388953053920798
decision_type=2 2 2 2 2 2 2
left_child=4 2 -2 -3 5 -1 -6
right_child=1 3 -4 -5 6 -7 -8
leaf_value=0.008863534482780145 0.0055642926201526673 0.015003307289610099 -0.011564503772154643 -0.048174682063405465 -0.043733849342773926 -0.01563904536224768 -0.0092642273902879477
leaf_weight=93.090617230162024 647.42329575121403 356.75354465469718 451.27123666927218 19.957426697015762 42.515311589464545 97.634354777634144 23.976761028170586
leaf_count=423 2942 1479 2149 63 202 416 106
internal_value=-1.44069e-05 0.00186953 -0.00145612 0.0116126 -0.0108847 -0.0035934 -0.0315516
internal_weight=1732.62 1475.41 1098.69 376.711 257.217 190.725 66.4921
internal_count=7780 6633 5091 1542 1147 839 308
is_linear=0
shrinkage=0.0631837


Tree=49
num_leaves=7
num_cat=0
split_feature=21 8 8 36 21 16
split_gain=8.68387 12.1618 12.1401 13.4174 13.319 8.46725
threshold=1.2192329658643102 2.9247846225390406 0.17491332382688732 0.37927985214181775 0.11663832856650873 0.19966196072707712
decision_type=2 2 2 2 2 2
left_child=2 5 4 -4 -1 -2
right_child=1 -3 3 -5 -6 -7
leaf_value=0.0027926461314429834 -0.038760216472633384 0.032461662260702247 0.026197435156678873 0.0027330248167414793 -0.011677962365079961 -0.0061813592161594202
leaf_weight=736.92640304844826 60.949395693838596 18.89072260260582 141.70210175216198 316.56625655293465 386.62681786715984 69.684358306229115
leaf_count=3381 241 80 622 1505 1661 290
internal_value=-1.54014e-05 -0.0145791 0.00135086 0.0100244 -0.00217221 -0.0215075
internal_weight=1731.35 149.524 1581.82 458.268 1123.55 130.634
internal_count=7780 611 7169 2127 5042 531
is_linear=0
shrinkage=0.0631837


Tree=50
num_leaves=7
num_cat=0
split_feature=39 29 37 3 7 25
split_gain=8.54893 19.0897 13.6634 16.1954 12.3917 9.77861
threshold=0.447112703087505 0.96866719580883376 -3.4874989647816377 0.11427268212479845 0.9287935400860966 0.46765644527833733
decision_type=2 2 2 2 2 2
left_child=2 4 -1 -4 -2 -3
right_child=1 5 3 -5 -6 -7
leaf_value=0.048224103892537673 -0.0018650500580402651 0.008268386492316605 -0.0021580723052373979 -0.030030932020182942 0.046503269053651861 0.041699093101099816
leaf_weight=19.817120805382729 530.04636699892581 67.895438179373741 923.91933158319443 91.699903137981892 22.023345619440079 75.250661976635456
leaf_count=61 2404 296 4174 426 95 324
internal_value=-1.40406e-05 0.00539589 -0.00366228 -0.0046909 3.46878e-05 0.0259575
internal_weight=1730.65 695.216 1035.44 1015.62 552.07 143.146
internal_count=7780 3119 4661 4600 2499 620
is_linear=0
shrinkage=0.0631837


Tree=51
num_leaves=8
num_cat=0
split_feature=3 3 26 28 28 4 34
split_gain=8.29499 14.3105 19.8009 8.81881 19.5508 10.0164 7.17938
threshold=-0.15486612558157928 -0.11952794359124193 0.63505057261951758 -0.74516741650727392 -0.037485236962184053 -0.014655103681143379 -0.34074667907576078
decision_type=2 2 2 2 2 2 2
left_child=3 6 -3 5 -5 -1 -2
right_child=1 2 -4 4 -6 -7 -8
leaf_value=-0.019910304193367021 -0.037043143909376137 -0.0091130316997083977 0.01559168792478946 -0.028623813639038296 0 0.01973714503876111 0.012089332072449097
leaf_weight=35.629614658653736 12.006697729229925 525.74528231099248 171.57031552493572 156.89195820316672 242.50548039190471 86.890122622251511 498.35609660297632
leaf_count=169 60 2470 689 694 1059 405 2234
internal_value=-1.23114e-05 0.00285467 -0.003011 -0.0066778 -0.011244 0.00807316 0.0109012
internal_weight=1729.6 1207.68 697.316 521.917 399.397 122.52 510.363
internal_count=7780 5453 3159 2327 1753 574 2294
is_linear=0
shrinkage=0.0631837


Tree=52
num_leaves=5
num_cat=0
split_feature=24 17 40 11
split_gain=8.1949 11.4555 10.4965 6.72536
threshold=-1.5157376943313132 -1.8458630628636821 -0.38230002736377383 -0.32192696741002885
decision_type=2 2 2 2
left_child=3 -2 -3 -1
right_child=1 2 -4 -5
leaf_value=0 0.062109021711752942 0.0062344368599686955 -0.0039454731377787161 -0.061706244470332398
leaf_weight=12.53952766209841 11.978659644722937 670.91797868721187 1017.5665545798838 15.51490707695484
leaf_count=55 55 3063 4538 69
internal_value=-1.2959e-05 0.000536323 8.97665e-05 -0.0338928
internal_weight=1728.52 1700.46 1688.48 28.0544
internal_count=7780 7656 7601 124
is_linear=0
shrinkage=0.0631837


Tree=53
num_leaves=8
num_cat=0
split_feature=2 40 1 7 16 17 10
split_gain=8.15496 10.4583 16.1294 9.75037 8.06007 7.87316 3.99323
threshold=-1.6437956510699949 1.3537684059733384 -1.0824636409330795 -0.23197192173648598 -0.31454653803474514 0.01017808246927112 -0.51394155540146513
decision_type=2 2 2 2 2 2 2
left_child=4 3 -3 -2 6 -6 -1
right_child=1 2 -4 -5 5 -7 -8
leaf_value=-0.022342482537392398 -0.0079625233947704186 0.051288478657154038 -0.028482171947648745 0.0046970008691616929 0.043697023702126803 -0.025940997122671217 -0.062041091481158286
leaf_weight=42.078561700880527 300.93541061878204 11.333307504653929 86.473889507353306 1246.8621568400413 13.283343721181156 12.40758568048477 14.524225243367253
leaf_count=186 1380 49 435 5544 60 52 74
internal_value=-1.18613e-05 0.000949296 -0.0190707 0.00222501 -0.0194317 0.00942483 -0.0328197
internal_weight=1727.9 1645.6 97.8072 1547.8 82.2937 25.6909 56.6028
internal_count=7780 7408 484 6924 372 112 260
is_linear=0
shrinkage=0.0631837


Tree=54
num_leaves=8
num_cat=0
split_feature=0 21 29 3 28 19 41
split_gain=8.11973 15.4289 14.2118 11.6273 8.86905 6.66242 4.58386
threshold=-1.3553584496186228 0.22473584202707739 1.2301620061273024 0.19436094416703215 0.85871051396041109 0.2473100734850463 -0.85494866168077943
decision_type=2 2 2 2 2 2 2
left_child=4 3 -3 -2 5 -1 -6
right_child=1 2 -4 -5 6 -7 -8
leaf_value=-0.010187467136609106 0.010708479913386209 -0.0077768718611297381 0.014945160006196983 -0.018728049981778027 -0.066623340593619934 0.040070604014052186 -0.019303011369422772
leaf_weight=116.29176451358944 650.88479729741812 725.7483495157212 129.1171048283577 58.000215128064156 16.248453974723816 11.490294963121412 19.096203066408634
leaf_count=530 3036 3199 560 272 58 47 78
internal_value=-1.30304e-05 0.00137678 -0.00432575 0.00827682 -0.0134367 -0.00553951 -0.0415221
internal_weight=1726.88 1563.75 854.865 708.885 163.127 127.782 35.3447
internal_count=7780 7067 3759 3308 713 577 136
is_linear=0
shrinkage=0.0631837


Tree=55
num_leaves=7
num_cat=0
split_feature=18 4 11 37 22 11
split_gain=8.01157 11.2076 10.9882 14.6323 12.7049 9.25198
threshold=1.8054048402412139 0.51213573172438898 0.26633993961573427 -0.13554158409881328 -0.90036309465744047 1.5590298826616376
decision_type=2 2 2 2 2 2
left_child=2 5 3 -1 -4 -2
right_child=1 -3 4 -5 -6 -7
leaf_value=0.0050930447441478498 -0.042101439666388289 0.030312421559372946 -0.012764387870659762 -0.0096347371824004307 0.012548219557621148 0.0076250955424172345
leaf_weight=505.81702448241413 54.640190247446299 15.312788784503935 94.923387791961432 574.07351969461888 461.78978822752833 19.83963680267334
leaf_count=2123 216 57 469 2683 2145 87
internal_value=-1.38971e-05 -0.018399 0.000984757 -0.00272107 0.00820271 -0.0286347
internal_weight=1726.4 89.7926 1636.6 1079.89 556.713 74.4798
internal_count=7780 360 7420 4806 2614 303
is_linear=0
shrinkage=0.0631837


Tree=56
num_leaves=7
num_cat=0
split_feature=34 14 37 12 11 11
split_gain=7.52127 8.40344 8.15397 11.9825 7.63738 3.66677
threshold=-0.042737823269062745 -0.92555685840834301 -4.4939990828933505 -2.6922580270683567 -1.1616130296547589 -0.69221302776838012
decision_type=2 2 2 2 2 2
left_child=1 5 -2 -4 -3 -1
right_child=2 4 3 -5 -6 -7
leaf_value=-0.067587523426676815 0.059045858183620181 0.023761631125954898 -0.063818258060000146 0.0019311289812136191 -0.0099085398749952248 -0.019399841577445509
leaf_weight=13.011087477207186 9.8845281749963743 30.378457225859165 11.141284108161924 1424.0286986436695 222.25159762054682 14.706494897603987
leaf_count=54 28 131 43 6414 1043 67
internal_value=-1.30014e-05 -0.00949351 0.00181488 0.00140925 -0.00579465 -0.0426133
internal_weight=1725.4 280.348 1445.05 1435.17 252.63 27.7176
internal_count=7780 1295 6485 6457 1174 121
is_linear=0
shrinkage=0.0631837


Tree=57
num_leaves=7
num_cat=0
split_feature=21 3 3 40 5 8
split_gain=7.50475 10.9208 9.99809 13.0999 9.96295 9.71468
threshold=1.2192329658643102 0.054640218304520295 0.21863285848016586 1.0000000180025095e-35 0.49143499735645751 0.22549082238348753
decision_type=2 2 2 2 2 2
left_child=2 4 5 -4 -2 -1
right_child=1 -3 3 -5 -6 -7
leaf_value=-0.00050518630712430453 -0.030438362291650929 0.041129355003515521 0.0019873370188602641 -0.044113017547601864 0.0064386592279099455 0.011072732637155795
leaf_weight=1083.9663220737129 93.891474403440952 13.082496613264082 55.100962713360786 43.550434321165085 41.513749781996012 393.48304270580411
leaf_count=4893 388 50 243 209 173 1824
internal_value=-1.27304e-05 -0.0136014 0.00125705 -0.0181973 -0.0190108 0.00256718
internal_weight=1724.59 148.488 1576.1 98.6514 135.405 1477.45
internal_count=7780 611 7169 452 561 6717
is_linear=0
shrinkage=0.0631837


Tree=58
num_leaves=8
num_cat=0
split_feature=14 0 27 16 29 41 29
split_gain=7.39933 12.3846 11.8863 9.98236 17.5872 13.1605 5.79737
threshold=1.1925180654144116 1.1696200722103596 0.23738938311351279 0.27640691452743704 1.0995543314639142 1.3606380821055131 -0.95720005675842945
decision_type=2 2 2 2 2 2 2
left_child=3 6 -3 5 -5 -1 -2
right_child=1 2 -4 4 -6 -7 -8
leaf_value=0.00033602471486226539 0.0068462629143768794 0.029073556371449271 -0.013263065919893293 0.0040743277381819773 0.03982409936008792 -0.027876614271010472 -0.031778726735618726
leaf_weight=1052.7644060859457 17.751359924674034 45.349512331187725 63.1477429009974 313.03671716526151 67.023721538484097 70.356593433767557 94.684011593461037
leaf_count=4634 83 199 302 1486 298 342 436
internal_value=-1.16628e-05 -0.0108179 0.00428116 0.00156566 0.0104221 -0.00141668 -0.0255343
internal_weight=1724.11 220.933 108.497 1503.18 380.06 1123.12 112.435
internal_count=7780 1020 501 6760 1784 4976 519
is_linear=0
shrinkage=0.0631837


Tree=59
num_leaves=8
num_cat=0
split_feature=39 29 31 26 37 7 36
split_gain=7.33534 15.2509 12.5318 12.4765 11.8753 10.2923 8.75796
threshold=0.447112703087505 0.96866719580883376 -0.10098271819342459 0.22050452019175845 -3.4874989647816377 0.9287935400860966 0.44600012696875174
decision_type=2 2 2 2 2 2 2
left_child=2 5 6 -3 -4 -2 -1
right_child=1 3 4 -5 -6 -7 -8
leaf_value=0.052398968501290437 -0.0015442190101734397 0 0.044341362329249852 0.038128342998048702 -0.0057630082841463801 0.042362792659307529 -0.012738049634880292
leaf_weight=26.372627891600132 528.01212279684842 54.891183361411095 19.192966341972351 88.072552312165499 972.91930691711605 22.206107825040817 11.460839472711084
leaf_count=117 2404 241 61 379 4430 95 53
internal_value=-1.01668e-05 0.0050053 -0.00340168 0.0233922 -0.00477713 0.000197925 0.0322324
internal_weight=1723.13 693.182 1029.95 142.964 992.112 550.218 37.8335
internal_count=7780 3119 4661 620 4491 2499 170
is_linear=0
shrinkage=0.0631837


Tree=60
num_leaves=8
num_cat=0
split_feature=20 11 41 37 35 23 3
split_gain=7.2928 10.1165 12.9426 11.9687 9.97305 8.08057 8.05403
threshold=1.7337240172977382 0.26633993961573427 0.42422094125720317 -0.13554158409881328 0.74783669765205973 0.77694856691145542 -0.14905058024593623
decision_type=2 2 2 2 2 2 2
left_child=1 3 -3 -1 6 -6 -2
right_child=4 2 -4 -5 5 -7 -8
leaf_value=0.0044394959120432446 -0.0045047625327385129 -0.00089109325502542398 0.018445620280726403 -0.0088770222698600545 0.02403693939839377 -0.033281871578008083 -0.060601507307947645
leaf_weight=506.40317599475384 17.554992567747831 302.19052417576313 252.27515669539571 573.63171725161374 27.899904854595661 15.061572842299936 26.891679301857948
leaf_count=2122 82 1396 1210 2692 113 54 111
internal_value=-9.13348e-06 0.000932199 0.00787722 -0.00261799 -0.0177999 0.00355914 -0.0388151
internal_weight=1721.91 1634.5 554.466 1080.03 87.4081 42.9615 44.4467
internal_count=7780 7420 2606 4814 360 167 193
is_linear=0
shrinkage=0.0631837


Tree=61
num_leaves=7
num_cat=0
split_feature=40 17 8 28 41 21
split_gain=7.28895 15.3649 15.7217 11.5987 14.0168 10.2196
threshold=-0.38230002736377383 -1.8458630628636821 -0.74522528859566695 -0.49491192682045965 1.0000000180025095e-35 0.35445285817975986
decision_type=2 2 2 2 2 2
left_child=3 -2 -3 5 -5 -1
right_child=1 2 -4 4 -6 -7
leaf_value=0.0043645130553390801 0.069372447836179268 -0.019992605419054014 -0.00029405384700214682 0.024916502168263053 0.0010879178231200113 -0.020513238562633315
leaf_weight=178.97605299949646 11.443203158676623 201.7665953785181 824.59143724199384 182.26764827780426 217.87883286550641 103.72928422316909
leaf_count=832 52 880 3729 821 996 470
internal_value=-1.03183e-05 -0.00335562 -0.00418252 0.00504981 0.011983 -0.00470538
internal_weight=1720.65 1037.8 1026.36 682.852 400.146 282.705
internal_count=7780 4661 4609 3119 1817 1302
is_linear=0
shrinkage=0.0631837


Tree=62
num_leaves=5
num_cat=0
split_feature=37 8 21 41
split_gain=7.39543 8.84626 8.25443 6.99609
threshold=-4.4939990828933505 -1.8721748985199171 0.22473584202707739 -0.85494866168077943
decision_type=2 2 2 2
left_child=-1 3 -3 -2
right_child=1 2 -4 -5
leaf_value=0.053868380148237797 -0.061028187159539692 0.0047412113510038731 -0.0041159948881477459 0
leaf_weight=10.10729445517063 17.004141345620159 830.91090793721378 849.06134667247534 12.478534221649168
leaf_count=31 61 3876 3758 54
internal_value=-9.26252e-06 -0.000337439 0.000254973 -0.0346518
internal_weight=1719.56 1709.45 1679.97 29.4827
internal_count=7780 7749 7634 115
is_linear=0
shrinkage=0.0631837


Tree=63
num_leaves=8
num_cat=0
split_feature=3 26 20 2 11 31 26
split_gain=6.85121 9.45214 9.24281 8.82934 8.2373 7.47331 4.02327
threshold=-0.16136610258974643 -1.0425827864327346 1.7337240172977382 0.32174275023453569 -0.026913443730115522 -0.029990541176412325 0.6844558967810751
decision_type=2 2 2 2 2 2 2
left_child=4 3 -3 -2 5 -1 -6
right_child=1 2 -4 -5 6 -7 -8
leaf_value=0.0033087088551035843 -0.027451110481118358 0.0045368237314249351 -0.018762626840725095 0.005365865411724572 -0.017342874303435948 -0.028233700257219614 -0.051646497128397001
leaf_weight=151.7355631776154 81.184112567454576 1258.5287684909999 71.629683863371611 53.619538813829422 43.496813394129276 37.226118966937065 21.652348568663001
leaf_count=672 390 5707 290 246 200 167 108
internal_value=-7.66299e-06 0.00164403 0.00326977 -0.0142758 -0.00959446 -0.00281823 -0.0289961
internal_weight=1719.07 1464.96 1330.16 134.804 254.111 188.962 65.1492
internal_count=7780 6633 5997 636 1147 839 308
is_linear=0
shrinkage=0.0631837


Tree=64
num_leaves=7
num_cat=0
split_feature=8 36 21 3 21 29
split_gain=6.90512 13.6784 13.9073 10.4165 10.0727 9.04493
threshold=-0.77115360971369917 -1.8269243155728081 0.030160317798053598 -0.16654388799023692 0.87332092279049012 1.644016551748682
decision_type=2 2 2 2 2 2
left_child=3 4 -3 -1 -2 -5
right_child=1 2 -4 5 -6 -7
leaf_value=-0.061776828599425002 0.055563332022275647 0.0097459453856763162 -0.0038197577297144803 -0.0085618699163506253 -0.005216237432458231 0.040732763866861567
leaf_weight=14.057911545038221 31.960783697664738 452.44014012999833 904.36495354771614 283.87956336513162 15.795659482479094 15.590798355638979
leaf_count=56 130 2167 4058 1240 61 68
internal_value=-9.0105e-06 0.0018739 0.00069174 -0.00849664 0.0351159 -0.00594062
internal_weight=1718.09 1404.56 1356.81 313.528 47.7564 299.47
internal_count=7780 6416 6225 1364 191 1308
is_linear=0
shrinkage=0.0631837


Tree=65
num_leaves=8
num_cat=0
split_feature=2 36 40 40 16 19 10
split_gain=6.61891 8.64079 21.9506 11.5117 6.95506 6.92616 3.60989
threshold=-1.6437956510699949 -1.8269243155728081 0.98689397796417888 1.3537684059733384 -0.31454653803474514 -0.086257201373349232 -0.51394155540146513
decision_type=2 2 2 2 2 2 2
left_child=4 2 -2 -3 6 -6 -1
right_child=1 3 -4 -5 5 -7 -8
leaf_value=-0.020276337683604758 -0.00060825483135789303 0.0010678571635406122 0.06406858907211492 -0.022076969447344653 0.040184682402888097 -0.025546393017702052 -0.058595267468027852
leaf_weight=41.407634790986776 67.783671408891678 1447.274817828089 30.004581533372402 91.176057741045952 13.703768189996483 11.754671603441237 14.048510367982088
leaf_count=186 254 6553 138 463 62 50 74
internal_value=-8.80024e-06 0.000853951 0.0190685 -0.000293128 -0.0176584 0.00918938 -0.0302801
internal_weight=1717.15 1636.24 97.7883 1538.45 80.9146 25.4584 55.4561
internal_count=7780 7408 392 7016 372 112 260
is_linear=0
shrinkage=0.0631837


Tree=66
num_leaves=5
num_cat=0
split_feature=37 8 39 41
split_gain=6.47667 7.72135 7.24933 6.29074
threshold=-4.4939990828933505 -1.8721748985199171 0.447112703087505 -0.85494866168077943
decision_type=2 2 2 2
left_child=-1 3 -3 -2
right_child=1 2 -4 -5
leaf_value=0.051243432409218574 -0.057912746628525288 -0.0031710140624412689 0.005294337317196196 0.00016767770092368007
leaf_weight=9.7829824239015561 16.700327426195148 999.8575637107715 677.17675219848752 12.425106026232241
leaf_count=31 61 4568 3066 54
internal_value=-9.46134e-06 -0.00031298 0.00023744 -0.0325706
internal_weight=1715.94 1706.16 1677.03 29.1254
internal_count=7780 7749 7634 115
is_linear=0
shrinkage=0.0631837


Tree=67
num_leaves=8
num_cat=0
split_feature=40 30 17 30 15 21 3
split_gain=6.44441 14.6306 14.7507 12.5182 11.8539 10.0851 3.88407
threshold=-0.38230002736377383 1.2503226163729313 -1.8458630628636821 1.6853122890395948 0.45940413629552651 0.35445285817975986 -0.15201491369766232
decision_type=2 2 2 2 2 2 2
left_child=3 2 -2 5 -3 -1 -5
right_child=1 4 -4 6 -6 -7 -8
leaf_value=0.010061354750370247 0.072055243689089638 -0.042998089091119247 -0.0017013171934710265 0.025094262920769932 0.0061829202324477049 -0.0056603899506341279 0.081516765983604286
leaf_weight=371.96461463347077 10.946736127138136 61.857328671962023 932.66928511485457 11.668766610324385 27.818391300737858 288.45568778738379 10.064941279590128
leaf_count=1703 49 265 4211 56 136 1311 49
internal_value=-7.82946e-06 -0.00316397 -0.000828251 0.00474881 -0.0275582 0.00316957 0.0519804
internal_weight=1715.45 1033.29 943.616 682.154 89.6757 660.42 21.7337
internal_count=7780 4661 4260 3119 401 3014 105
is_linear=0
shrinkage=0.0631837


Tree=68
num_leaves=8
num_cat=0
split_feature=13 21 8 29 29 2 31
split_gain=6.36242 8.678 13.716 12.5992 7.97218 7.43614 4.8315
threshold=-0.83226265778190267 0.74360390663780773 0.22549082238348753 1.0434648810690013 -0.82800656938756745 0.17460724414085052 -0.084139577738071916
decision_type=2 2 2 2 2 2 2
left_child=4 2 -2 -3 6 -6 -1
right_child=1 3 -4 -5 5 -7 -8
leaf_value=0.045401953208974666 0.0011222990503978075 -0.010942451533141342 0.020010352486180341 0.013177622368178604 -0.012307085489790318 -0.054914498700810846 -0.0038621219877140629
leaf_weight=13.310610242187979 862.5968517633155 390.69049575552344 187.31889396905899 110.50229571759701 112.22008424066007 19.608011685311794 18.398073092103004
leaf_count=61 3974 1715 911 467 489 77 86
internal_value=-6.23732e-06 0.00123389 0.00450784 -0.00559168 -0.0118691 -0.0187692 0.0162992
internal_weight=1714.65 1551.11 1049.92 501.193 163.537 131.828 31.7087
internal_count=7780 7067 4885 2182 713 566 147
is_linear=0
shrinkage=0.0631837


Tree=69
num_leaves=6
num_cat=0
split_feature=24 11 34 17 35
split_gain=6.22646 6.85201 6.06627 7.61489 6.71193
threshold=-1.5157376943313132 -0.33063714374356479 -0.41822758976920299 -1.8458630628636821 -0.34486407238427436
decision_type=2 2 2 2 2
left_child=1 -1 4 -4 -2
right_child=2 -3 3 -5 -6
leaf_value=0.0045581117741537794 0.024806823331474031 -0.058367763323340732 0.052504363947253559 0.00081284600496016909 -0.030153766583797252
leaf_weight=11.873292945325376 10.618276111781595 15.145730949938295 11.472498834133146 1618.0850317310542 46.796506995335221
leaf_count=54 44 70 52 7318 242
internal_value=-6.20934e-06 -0.0301069 0.000466143 0.00118686 -0.0197029
internal_weight=1713.99 27.019 1686.97 1629.56 57.4148
internal_count=7780 124 7656 7370 286
is_linear=0
shrinkage=0.0631837


Tree=70
num_leaves=8
num_cat=0
split_feature=14 0 27 28 40 3 20
split_gain=5.78758 11.2416 10.3766 8.29781 15.3237 12.4585 7.07091
threshold=1.1925180654144116 1.2623407551617234 0.23738938311351279 -0.50340890455443266 -0.38230002736377383 -0.084795283605726982 1.7337240172977382
decision_type=2 2 2 2 2 2 2
left_child=3 6 -3 5 -5 -1 -2
right_child=1 2 -4 4 -6 -7 -8
leaf_value=0.0003966554990675059 -0.015139537277282972 0.031715948236971929 -0.01030223418438838 0.01565603663736961 -0.00091967463852213251 -0.022587810934272645 -0.055503315371670123
leaf_weight=390.19701907411218 99.856639813631773 38.769642680883408 58.680297508835793 339.84002816677094 640.87445287033916 123.53468614816666 21.628968566656113
leaf_count=1810 482 167 280 1535 2787 628 91
internal_value=-4.7176e-06 -0.00960845 0.0062456 0.00139122 0.00480742 -0.0050983 -0.0224612
internal_weight=1713.38 218.936 97.4499 1494.45 980.714 513.732 121.486
internal_count=7780 1020 447 6760 4322 2438 573
is_linear=0
shrinkage=0.0631837


Tree=71
num_leaves=7
num_cat=0
split_feature=8 11 41 41 3 29
split_gain=6.04343 11.2776 14.0145 11.3649 9.43303 8.10452
threshold=-0.77115360971369917 -0.86269329919913174 0.08146847916753068 0.42422094125720317 -0.16654388799023692 1.644016551748682
decision_type=2 2 2 2 2 2
left_child=4 2 -2 -3 -1 -6
right_child=1 3 -4 -5 5 -7
leaf_value=-0.059262879781591019 0.025717467301058592 -0.0059141862577139241 -0.009514323106222836 0.0066065173149155252 -0.0080496216538453215 0.038619592575647704
leaf_weight=13.751195207238196 149.74524014443159 688.01102760527283 63.662717737257481 499.14450119063258 282.19030457362533 15.586750373244284
leaf_count=56 592 3164 285 2375 1240 68
internal_value=-6.17066e-06 0.00175465 0.0151302 -0.000635952 -0.00797522 -0.00555156
internal_weight=1712.09 1400.56 213.408 1187.16 311.528 297.777
internal_count=7780 6416 877 5539 1364 1308
is_linear=0
shrinkage=0.0631837


Tree=72
num_leaves=8
num_cat=0
split_feature=16 41 40 27 21 3 7
split_gain=5.81755 10.6064 19.2664 14.0395 9.94399 17.0975 9.26071
threshold=-0.039857025733252865 0.42422094125720317 0.98689397796417888 -0.51427749698356207 0.48416987433244252 0.21863285848016586 -0.21007520397637477
decision_type=2 2 2 2 2 2 2
left_child=4 3 -3 -2 5 -1 -6
right_child=1 2 -4 -5 6 -7 -8
leaf_value=0.003269486548098611 -0.042678797595869483 0.0042589271595241934 0.041573046067818795 0.0010569143095912554 -0.036998200066794641 -0.04187569491082653 -0.0075925743006828887
leaf_weight=654.65260705817491 31.629933819174767 231.66969080269337 73.07808705419302 391.16669086366892 52.710796419531107 35.278949737548828 240.85388890653849
leaf_count=2983 120 1099 346 1779 247 161 1045
internal_value=-6.52766e-06 0.00426735 0.0132608 -0.00217611 -0.00318487 0.000937197 -0.0129285
internal_weight=1711.04 727.544 304.748 422.797 983.496 689.932 293.565
internal_count=7780 3344 1445 1899 4436 3144 1292
is_linear=0
shrinkage=0.0631837


Tree=73
num_leaves=8
num_cat=0
split_feature=2 36 40 12 16 17 10
split_gain=5.72391 7.66585 18.4139 10.9305 6.20434 6.07223 3.36096
threshold=-1.6437956510699949 -1.8269243155728081 0.98689397796417888 -1.2164759065171507 -0.31454653803474514 0.01017808246927112 -0.51394155540146513
decision_type=2 2 2 2 2 2 2
left_child=4 2 -2 -3 6 -6 -1
right_child=1 3 -4 -5 5 -7 -8
leaf_value=-0.018894970131727189 -2.0957053698029272e-05 -0.028138457439624062 0.059526485940457133 0.00072644396105090618 0.039081935838176159 -0.022495547270366897 -0.056284666346419827
leaf_weight=40.980498012155294 67.16366270929575 54.283835344016552 29.637207105755806 1478.9492375515401 13.147727258503439 12.145741783082483 13.697671775706111
leaf_count=186 254 223 138 6793 60 52 74
internal_value=-6.6809e-06 0.000793393 0.0180406 -0.000284787 -0.0165199 0.00886271 -0.0285624
internal_weight=1710.01 1630.03 96.8009 1533.23 79.9716 25.2935 54.6782
internal_count=7780 7408 392 7016 372 112 260
is_linear=0
shrinkage=0.0631837


Tree=74
num_leaves=4
num_cat=0
split_feature=37 8 17
split_gain=5.77666 6.78536 5.92684
threshold=-4.4939990828933505 -2.2739090316158341 -1.8458630628636821
decision_type=2 2 2
left_child=-1 -2 -3
right_child=1 2 -4
leaf_value=0.049080461954088592 -0.044948864189901787 0.04694275634560998 -0.00023407316977734616
leaf_weight=9.5134772434830648 13.476417452096937 10.698009878396986 1675.4689375720918
leaf_count=31 56 49 7644
internal_value=-7.2354e-06 -0.000291672 5.54911e-05
internal_weight=1709.16 1699.64 1686.17
internal_count=7780 7749 7693
is_linear=0
shrinkage=0.0631837


Tree=75
num_leaves=8
num_cat=0
split_feature=34 16 0 13 3 26 21
split_gain=5.56787 7.56998 8.73409 8.67519 7.22823 13.208 7.28329
threshold=-0.042737823269062745 -0.48131294842517386 -1.2708342151963399 -0.8020952250221477 -0.065631108691733317 -0.078662004580711792 1.2192329658643102
decision_type=2 2 2 2 2 2 2
left_child=1 3 -3 -1 6 -6 -2
right_child=4 2 -4 -5 5 -7 -8
leaf_value=-0.05137301056130493 0.0060146104237974122 0.044955386994879575 -0.0049364244214588236 -0.0094514793537911861 -0.018235578784132581 0.0053379482814083154 -0.011563031356168778
leaf_weight=29.481489291414618 950.0940374834463 15.273935571312903 167.59558625519276 63.50205259770155 181.30200281739235 197.53141584992409 103.89146146178246
leaf_count=135 4314 69 788 303 891 846 434
internal_value=-6.11769e-06 -0.00823577 -0.000679347 -0.02292 0.00156682 -0.00590046 0.00426638
internal_weight=1708.67 275.853 182.87 92.9835 1432.82 378.833 1053.99
internal_count=7780 1295 857 438 6485 1737 4748
is_linear=0
shrinkage=0.0631837


Tree=76
num_leaves=8
num_cat=0
split_feature=40 30 0 30 15 21 3
split_gain=5.54856 12.5667 11.6682 11.0033 10.3747 8.55422 3.2985
threshold=-0.38230002736377383 1.2503226163729313 -0.63388328421500872 1.6853122890395948 0.45940413629552651 0.33283335548764631 -0.15201491369766232
decision_type=2 2 2 2 2 2 2
left_child=3 2 -2 5 -3 -1 -5
right_child=1 4 -4 6 -6 -7 -8
leaf_value=0.0093639775941821417 -0.012243959618443974 -0.040379651509230771 0.0035319809285165333 0.023764016462533837 0.0057875162550080064 -0.0051051029890488257 0.076109336563046651
leaf_weight=366.8502891510725 257.94098279532045 60.723716583102942 680.72143915295601 11.632938463240864 27.723452337086201 292.23446999117732 10.031869061291216
leaf_count=1682 1161 265 3099 56 136 1332 49
internal_value=-7.5449e-06 -0.00294908 -0.00078567 0.00440647 -0.0257228 0.00292352 0.0487616
internal_weight=1707.86 1027.11 938.662 680.75 88.4472 659.085 21.6648
internal_count=7780 4661 4260 3119 401 3014 105
is_linear=0
shrinkage=0.0631837


Tree=77
num_leaves=8
num_cat=0
split_feature=39 29 26 3 19 28 7
split_gain=5.54148 12.2792 10.6952 9.9403 15.5152 11.5897 9.16789
threshold=0.447112703087505 0.96866719580883376 0.22050452019175845 0.11427268212479845 0.78529102579629151 1.6186390810285445 0.9287935400860966
decision_type=2 2 2 2 2 2 2
left_child=3 6 -3 5 -5 -1 -2
right_child=1 2 -4 4 -6 -7 -8
leaf_value=0.00091167676750705188 -0.0016153927394374733 -0.00064717338906825463 0.034731993540921866 -0.034497998395855364 0.032775655606966797 -0.02733007407358793 0.039788323753029729
leaf_weight=862.65739085059613 524.55353596061468 54.683399677276611 86.877265982329845 77.450137831270695 16.381125435233116 62.145161524415016 22.254860810935497
leaf_count=3954 2404 241 379 372 69 266 95
internal_value=-6.05717e-06 0.00436352 0.0209492 -0.00297506 -0.0225781 -0.000968339 3.96466e-05
internal_weight=1707 688.369 141.561 1018.63 93.8313 924.803 546.808
internal_count=7780 3119 620 4661 441 4220 2499
is_linear=0
shrinkage=0.0631837


Tree=78
num_leaves=8
num_cat=0
split_feature=3 3 25 28 28 37 6
split_gain=5.50036 11.2987 14.4804 8.0892 17.0933 9.16971 6.53193
threshold=-0.15486612558157928 -0.11952794359124193 0.55374691709375834 -0.74516741650727392 -0.037485236962184053 -0.33885086927141689 0.1811735426804281
decision_type=2 2 2 2 2 2 2
left_child=3 6 -3 5 -5 -1 -2
right_child=1 2 -4 4 -6 -7 -8
leaf_value=0.041873342854902913 0.007285743352728055 -0.0085473257681829076 0.012076745215265455 -0.026352494161769123 0.00061238375413795812 -0.00022514300368609109 0.033333742752511782
leaf_weight=26.11016807705164 464.39813370630145 500.12422206997871 186.19233106449246 153.65377313457429 238.18866909295321 95.251063533127308 42.447495702654123
leaf_count=119 2104 2411 748 694 1059 455 190
internal_value=-5.73994e-06 0.00233727 -0.00292821 -0.00548511 -0.00991943 0.0086966 0.00949967
internal_weight=1706.37 1193.16 686.317 513.204 391.842 121.361 506.846
internal_count=7780 5453 3159 2327 1753 574 2294
is_linear=0
shrinkage=0.0631837


Tree=79
num_leaves=7
num_cat=0
split_feature=22 36 40 9 18 40
split_gain=5.22493 13.4992 24.0321 11.2092 10.8472 8.82157
threshold=-1.4298993954787294 -1.0913932495643197 1.0000000180025095e-35 -0.42737496179487539 -1.5200165611644516 1.3537684059733384
decision_type=2 2 2 2 2 2
left_child=3 2 -2 4 -1 -3
right_child=1 5 -4 -5 -6 -7
leaf_value=0.0051969723706888236 0.056158457137871043 0.00035785561051677876 0.0016953217563738866 0.039844309454905108 -0.031771736161751607 -0.021339583990701738
leaf_weight=50.899274237453938 47.646904863417149 1328.6865230994299 102.77864053100348 15.097181133925913 81.053239438682795 79.202148302458227
leaf_count=228 173 6054 434 79 394 418
internal_value=-4.69465e-06 0.00105999 0.0190557 -0.0113992 -0.0173868 -0.000851075
internal_weight=1705.36 1558.31 150.426 147.05 131.953 1407.89
internal_count=7780 7079 607 701 622 6472
is_linear=0
shrinkage=0.0631837


Tree=80
num_leaves=8
num_cat=0
split_feature=14 24 41 22 29 33 14
split_gain=5.12857 10.2291 8.01826 7.31894 14.1729 11.397 5.32418
threshold=1.1925180654144116 1.614387180277445 1.3606380821055131 -0.88666819032585542 -1.5323865558266296 -1.2708052941717678 1.9271524187061952
decision_type=2 2 2 2 2 2 2
left_child=3 2 -2 5 -5 -1 -3
right_child=1 6 -4 4 -6 -7 -8
leaf_value=0.0061624562175045658 -0.018635536765562802 0.0029901408513511988 0.024492270938309236 -0.032020542056181697 0.0054922979652113199 -0.015220890179085511 0.061235324305885484
leaf_weight=174.61418847739697 171.78441608697176 16.225366782397035 18.813297547399998 41.721118226647377 1040.8454289156944 229.03474195674062 10.912119373679159
leaf_count=871 803 74 94 195 4675 1019 49
internal_value=-2.2393e-06 -0.00906815 -0.0142922 0.00131488 0.0040314 -0.00592994 0.0270168
internal_weight=1703.95 217.735 190.598 1486.22 1082.57 403.649 27.1375
internal_count=7780 1020 897 6760 4870 1890 123
is_linear=0
shrinkage=0.0631837


Tree=81
num_leaves=8
num_cat=0
split_feature=40 41 28 25 25 41 41
split_gain=5.20603 11.0178 21.3293 19.3962 9.71695 25.9053 14.9729
threshold=-0.38230002736377383 0.42422094125720317 1.2659350119857964 0.64027428408107789 -0.40332342261849236 1.0000000180025095e-35 1.0178856200158408
decision_type=2 2 2 2 2 2 2
left_child=4 2 -2 -3 6 -6 -1
right_child=1 3 -4 -5 5 -7 -8
leaf_value=-0.010619394527189638 -0.0038808976233804305 -0.0027835655369275931 -0.04090445415210598 0.02947893556327684 0.028751414297868958 -0.0059966889061041683 0.020847393476733631
leaf_weight=259.93748088553548 566.85640112683177 286.56797507032752 70.006469666957855 100.15638727322221 175.44301714748144 166.12956121191382 78.444065473973751
leaf_count=1194 2504 1406 269 482 799 774 352
internal_value=-1.24843e-06 -0.0028577 -0.0079765 0.00552946 0.00427461 0.0118029 -0.00327612
internal_weight=1703.54 1023.59 636.863 386.724 679.954 341.573 338.382
internal_count=7780 4661 2773 1888 3119 1573 1546
is_linear=0
shrinkage=0.0631837


Tree=82
num_leaves=7
num_cat=0
split_feature=17 5 8 41 40 32
split_gain=5.10955 9.09353 8.11842 15.3931 10.3844 6.97273
threshold=1.4632142673901698 0.62737704432149988 0.16507840962102432 -1.1977011237704513 1.0000000180025095e-35 -0.015075838560643345
decision_type=2 2 2 2 2 2
left_child=2 5 4 -4 -1 -2
right_child=1 -3 3 -5 -6 -7
leaf_value=0.0030375330532818232 0.028175371263997179 0.028961723303189794 -0.022209619485941075 0.012525522413619946 -0.0095627280535202832 -0.022088693842778541
leaf_weight=664.31360508129001 11.885305523872374 19.265406265854836 58.03349557518959 401.92110992595553 429.15026901569217 117.24572722241282
leaf_count=2951 43 79 226 1922 2051 508
internal_value=-2.75309e-06 -0.0112138 0.00105764 0.00810716 -0.00189263 -0.017335
internal_weight=1701.81 148.396 1553.42 459.955 1093.46 129.131
internal_count=7780 630 7150 2148 5002 551
is_linear=0
shrinkage=0.0631837


Tree=83
num_leaves=7
num_cat=0
split_feature=34 4 27 27 15 14
split_gain=5.02694 6.49543 8.21189 6.32447 4.64798 5.02729
threshold=-0.37964305377306434 -0.31019140222313796 -0.082743320494055944 -1.0163838160094365 0.6049567499863221 -0.77877852290585492
decision_type=2 2 2 2 2 2
left_child=4 2 -2 -3 5 -1
right_child=1 3 -4 -5 -6 -7
leaf_value=0 0.069982580312623596 -0.023658046617717299 0 0.00079942776711130613 0.020853233849371901 -0.039849153553234123
leaf_weight=19.217442709952593 12.129509001970293 43.370153568685055 15.521304458379744 1567.0430079409853 10.114059694111345 33.739924257621169
leaf_count=100 55 178 74 7154 56 163
internal_value=-2.13963e-06 0.000662156 0.0310287 0.00013055 -0.0175157 -0.0251541
internal_weight=1701.14 1638.06 27.6508 1610.41 63.0714 52.9574
internal_count=7780 7461 129 7332 319 263
is_linear=0
shrinkage=0.0631837


Tree=84
num_leaves=8
num_cat=0
split_feature=39 29 31 3 26 15 13
split_gain=4.95787 10.5189 9.9731 9.31025 8.89902 7.97573 7.57386
threshold=0.447112703087505 0.96866719580883376 -0.10098271819342459 -0.088584168399874569 0.22050452019175845 -1.0007710541362278 0.7059349388535755
decision_type=2 2 2 2 2 2 2
left_child=2 5 6 -4 -3 -2 -1
right_child=1 4 3 -5 -6 -7 -8
leaf_value=0.04888968294968566 0.018622944505909581 -0.00020265177590546489 -0.00020845317610006435 -0.01399825968086983 0.032093704196853874 -0.003005111080296833 -0.010464117308182667
leaf_weight=25.364619497209787 79.71418397128582 54.460724614560604 705.07772107142955 271.76864881068468 86.656378950923681 465.45520391501486 12.359047986567019
leaf_count=113 309 241 3223 1268 379 2190 57
internal_value=-6.52851e-07 0.00413736 -0.00281594 -0.00406175 0.0195132 0.000127159 0.0290082
internal_weight=1700.86 686.286 1014.57 976.846 141.117 545.169 37.7237
internal_count=7780 3119 4661 4491 620 2499 170
is_linear=0
shrinkage=0.0631837


Tree=85
num_leaves=8
num_cat=0
split_feature=3 27 15 26 2 22 2
split_gain=5.09699 7.48113 7.73309 7.16212 7.85734 7.20285 4.72597
threshold=-0.16136610258974643 -0.1620385025718577 1.0504758140158155 -1.0425827864327346 0.32174275023453569 -0.88666819032585542 -0.96202134577747656
decision_type=2 2 2 2 2 2 2
left_child=1 6 -3 4 -2 -5 -1
right_child=3 2 -4 5 -6 -7 -8
leaf_value=-0.0056480472032570343 -0.025142499233984136 -0.00062839225453077013 -0.052253980594709488 -0.0054585928106583104 0.0060052972102471007 0.0054736318495208023 -0.053109331112448213
leaf_weight=14.772933628410099 79.604166779667139 200.50591723434627 12.344427131116388 315.26203635334969 53.245158858597279 1002.114620115608 22.247943863272667
leaf_count=69 390 917 61 1485 246 4512 100
internal_value=-1.62657e-06 -0.00834586 -0.00369972 0.00142473 -0.0125349 0.00284495 -0.0346144
internal_weight=1700.1 249.871 212.85 1450.23 132.849 1317.38 37.0209
internal_count=7780 1147 978 6633 636 5997 169
is_linear=0
shrinkage=0.0631837


Tree=86
num_leaves=8
num_cat=0
split_feature=21 8 41 40 5 32 15
split_gain=4.99663 13.1454 16.6007 10.8066 7.61051 7.65091 4.92109
threshold=0.91655992817471765 0.17491332382688732 -1.1977011237704513 1.0000000180025095e-35 0.62737704432149988 -0.017855858540289902 0.7008782210085166
decision_type=2 2 2 2 2 2 2
left_child=1 3 -3 -1 5 -2 -6
right_child=4 2 -4 -5 6 -7 -8
leaf_value=0.0036988138054373106 0.024992458859958405 -0.028837071249694018 0.019438041905062351 -0.0095147618676836368 0.050402461629220754 -0.011780170707500129 0.00044393854125791279
leaf_weight=631.66137705370784 24.024897903203964 31.834873255342245 250.12089610099792 405.1147465724498 14.259456589817999 323.42985165119171 19.087661914527416
leaf_count=2822 96 128 1224 1958 56 1416 80
internal_value=-4.37362e-06 0.00182692 0.0139291 -0.00144846 -0.0063894 -0.00919018 0.0222997
internal_weight=1699.53 1318.73 281.956 1036.78 380.802 347.455 33.3471
internal_count=7780 6132 1352 4780 1648 1512 136
is_linear=0
shrinkage=0.0631837


Tree=87
num_leaves=6
num_cat=0
split_feature=24 11 21 3 16
split_gain=4.84227 6.43413 5.42421 10.9518 8.77908
threshold=-1.5157376943313132 -0.33063714374356479 0.030160317798053598 0.21863285848016586 -0.10383355235194887
decision_type=2 2 2 2 2
left_child=1 -1 3 -2 -4
right_child=2 -3 4 -5 -6
leaf_value=0.0069352035773822913 0.0066632567752374049 -0.05500416408127437 -0.0095492059397517016 -0.024945947667476414 0.002632009249984987
leaf_weight=11.589404866099359 668.83586612343788 14.602632373571394 419.52816669642925 46.649754159152508 537.39158181846142
leaf_count=54 3139 70 1877 228 2412
internal_value=-3.07609e-06 -0.0269695 0.00040942 0.00457935 -0.00269124
internal_weight=1698.6 26.192 1672.41 715.486 956.92
internal_count=7780 124 7656 3367 4289
is_linear=0
shrinkage=0.0631837


Tree=88
num_leaves=8
num_cat=0
split_feature=2 7 24 21 16 19 2
split_gain=4.81875 6.36701 10.6171 8.32333 5.24287 5.2904 3.18112
threshold=-1.6437956510699949 -0.14660943506075022 -0.019633501694345554 1.327330479324879 -0.31454653803474514 -0.086257201373349232 -1.7428319840602087
decision_type=2 2 2 2 2 2 2
left_child=4 3 -3 -2 6 -6 -1
right_child=1 2 -4 -5 5 -7 -8
leaf_value=-0.017228189769102668 -0.0022271129575028451 0.020716191739078169 0.0013766284569460738 -0.0578232349544665 0.03523398314251721 -0.02263985453879943 -0.054399997738251681
leaf_weight=40.654768225736916 856.98017938621342 139.7504031136632 611.75058075413108 10.918840378522871 13.585791543126108 11.483569808304308 12.944650061428545
leaf_count=195 3963 620 2774 51 62 50 65
internal_value=-2.97567e-06 0.00072919 0.00499493 -0.0029455 -0.0152837 0.00806763 -0.0265123
internal_weight=1698.07 1619.4 751.501 867.899 78.6688 25.0694 53.5994
internal_count=7780 7408 3394 4014 372 112 260
is_linear=0
shrinkage=0.0631837


Tree=89
num_leaves=8
num_cat=0
split_feature=14 0 27 28 0 3 29
split_gain=4.64987 9.637 8.79403 6.13606 11.3399 9.32148 5.18822
threshold=1.1925180654144116 1.1696200722103596 0.23738938311351279 -0.50340890455443266 -1.1507842468803331 -0.084795283605726982 -0.95720005675842945
decision_type=2 2 2 2 2 2 2
left_child=3 6 -3 5 -5 -1 -2
right_child=1 2 -4 4 -6 -7 -8
leaf_value=0.00038102002431767394 0.0089462478896027795 0.025895913775817712 -0.01062154000247716 -0.012209390224123309 0.0070491576964325587 -0.019657396913412568 -0.027985613411868168
leaf_weight=388.43192054331303 17.446876458823681 45.354274667799473 62.096006594598293 142.62690952606499 828.80214561149478 121.10066181048751 91.577635806053877
leaf_count=1810 83 199 302 620 3702 628 436
internal_value=-4.09229e-06 -0.00866333 0.00463926 0.00125054 0.00420466 -0.00434924 -0.0219247
internal_weight=1697.44 216.475 107.45 1480.96 971.429 509.533 109.025
internal_count=7780 1020 501 6760 4322 2438 519
is_linear=0
shrinkage=0.0631837


Tree=90
num_leaves=8
num_cat=0
split_feature=21 13 28 40 17 21 0
split_gain=4.63934 10.4152 14.106 12.5489 8.01582 12.1842 10.1522
threshold=0.22473584202707739 -0.77740135619797879 0.61810621116670428 -0.74917445537293326 0.12643909965824104 0.87332092279049012 -0.32176526750697659
decision_type=2 2 2 2 2 2 2
left_child=1 2 -1 -3 6 -6 -2
right_child=4 3 -4 -5 5 -7 -8
leaf_value=0.00085116201252406277 -0.036417975596170049 0.020765818545920613 -0.034334566694710009 0.0013593257020748358 0.01453597437935459 -0.0053272807246385213 -0.0059844749303504217
leaf_weight=184.82478236034513 55.645061077550054 198.33074310794473 59.973892498761415 410.21897457446903 179.44735392183065 393.15054401010275 214.77648256346583
leaf_count=861 249 944 252 1943 843 1706 982
internal_value=-4.17482e-06 0.0032703 -0.00770191 0.00771107 -0.00333828 0.000868976 -0.0123076
internal_weight=1696.37 853.348 244.799 608.55 843.019 572.598 270.422
internal_count=7780 4000 1113 2887 3780 2549 1231
is_linear=0
shrinkage=0.0631837


Tree=91
num_leaves=8
num_cat=0
split_feature=3 11 38 28 31 31 22
split_gain=4.47073 7.07093 6.87437 15.0338 8.47549 6.27214 3.98228
threshold=-0.16136610258974643 -0.026913443730115522 1.061388869207883 -0.68958509595608852 -0.095524502520405716 -0.029990541176412325 1.3273413432803969
decision_type=2 2 2 2 2 2 2
left_child=1 5 4 -4 -2 -1 -3
right_child=2 6 3 -5 -6 -7 -8
leaf_value=0.0041124273901293985 0.023190852403161464 -0.036872529419733846 -0.014082094955485017 0.018113501013718301 -0.0021339545453516692 -0.025147580226468586 -0.0018190917251608425
leaf_weight=149.15597420744598 55.39214950799942 43.332337355241179 77.422606870532036 224.80231451243162 1089.056501802057 36.286951653659344 19.892424359917641
leaf_count=672 259 215 384 985 5005 167 93
internal_value=-4.2834e-06 -0.00783994 0.00133122 0.00981137 -0.000893846 -0.00152441 -0.0261038
internal_weight=1695.34 248.668 1446.67 302.225 1144.45 185.443 63.2248
internal_count=7780 1147 6633 1369 5264 839 308
is_linear=0
shrinkage=0.0631837


Tree=92
num_leaves=8
num_cat=0
split_feature=20 35 3 23 25 22 3
split_gain=4.48044 9.1603 7.69412 7.15609 6.2509 9.31453 8.85891
threshold=1.7337240172977382 0.74783669765205973 -0.14905058024593623 0.77694856691145542 -0.81819804456585155 -0.88666819032585542 0.12657593491390029
decision_type=2 2 2 2 2 2 2
left_child=4 2 -2 -3 6 -6 -1
right_child=1 3 -4 -5 5 -7 -8
leaf_value=-0.0044062069305048478 -0.00085667426986146128 0.025824369427164293 -0.056866247778307337 -0.028875641535059768 -0.0063949977932475418 0.0058463661977121197 -0.0478680438266317
leaf_weight=295.5964180547744 16.862733371555805 27.283689424395561 25.535751789808273 14.516287937760351 333.43286651745439 961.22127223573625 20.132064707577229
leaf_count=1402 82 113 111 54 1565 4343 110
internal_value=-5.47635e-06 -0.0142235 -0.034978 0.00643474 0.000727698 0.00268095 -0.00722959
internal_weight=1694.58 84.1985 42.3985 41.8 1610.38 1294.65 315.728
internal_count=7780 360 193 167 7420 5908 1512
is_linear=0
shrinkage=0.0631837


Tree=93
num_leaves=8
num_cat=0
split_feature=34 14 36 19 27 22 11
split_gain=4.47833 6.8037 6.26617 5.61435 9.69397 6.73061 3.30007
threshold=-0.042737823269062745 -0.92555685840834301 0.70732549707237558 -1.2271311329884533 -0.4004271185502617 -1.2473006710575953 -0.69221302776838012
decision_type=2 2 2 2 2 2 2
left_child=1 6 -3 4 -2 -5 -1
right_child=3 2 -4 5 -6 -7 -8
leaf_value=-0.062760664783752432 -0.020648586129818521 0.00060336012101051112 -0.025350644380649569 -0.012939939322066302 0.029837595694761954 0.0019228205604713462 -0.015763202479011494
leaf_weight=12.124225836247208 19.700984265655279 200.85065630078316 45.257198104634881 135.2233449369669 62.105063736438751 1204.5247199656442 14.138722620904444
leaf_count=54 86 946 228 650 290 5459 67
internal_value=-8.1378e-06 -0.0074397 -0.00410255 0.00140419 0.0174782 0.000410419 -0.0380857
internal_weight=1693.92 272.371 246.108 1421.55 81.806 1339.75 26.2629
internal_count=7780 1295 1174 6485 376 6109 121
is_linear=0
shrinkage=0.0631837


Tree=94
num_leaves=8
num_cat=0
split_feature=21 8 31 11 37 40 11
split_gain=4.3675 11.3051 11.9578 10.6861 12.0572 10.615 9.41856
threshold=0.74360390663780773 -0.13638919323574547 -0.0075047302591207546 0.73707422794836697 0.26424105769298267 1.0000000180025095e-35 -0.86269329919913174
decision_type=2 2 2 2 2 2 2
left_child=1 5 -3 6 -5 -1 -2
right_child=3 2 -4 4 -6 -7 -8
leaf_value=0.0036545693499280898 0.0084935901113018034 0.016980042610249099 -0.011308338776152203 -0.029632223090567941 0.017553567077107177 -0.01107634799120431 -0.016382999201694941
leaf_weight=502.22862857952714 76.837949946522713 295.01677612215281 74.047397281974554 26.035193622112274 122.84507461637259 318.69835483282804 277.51835894957185
leaf_count=2247 308 1419 357 121 552 1541 1235
internal_value=-8.95321e-06 0.0020681 0.0112598 -0.00495318 0.00919157 -0.0020442 -0.0109424
internal_weight=1693.23 1189.99 369.064 503.237 148.88 820.927 354.356
internal_count=7780 5564 1776 2216 673 3788 1543
is_linear=0
shrinkage=0.0631837


Tree=95
num_leaves=4
num_cat=0
split_feature=15 8 17
split_gain=4.28755 4.8605 7.71814
threshold=1.6546529718768814 2.9247846225390406 1.4632142673901698
decision_type=2 2 2
left_child=1 2 -1
right_child=-2 -3 -4
leaf_value=0.0011211785028026702 -0.037252679365492473 0.033067218901916981 -0.015292317203863287
leaf_weight=1538.5283926324919 12.256484076380728 17.832276105880737 123.54401496052742
leaf_count=7117 58 78 527
internal_value=-8.7389e-06 0.000253202 -8.89639e-05
internal_weight=1692.16 1679.9 1662.07
internal_count=7780 7722 7644
is_linear=0
shrinkage=0.0631837


Tree=96
num_leaves=4
num_cat=0
split_feature=37 10 37
split_gain=4.81548 5.19235 5.06765
threshold=-4.4939990828933505 -2.9819151863955669 -3.4874989647816377
decision_type=2 2 2
left_child=-1 -2 -3
right_child=1 2 -4
leaf_value=0.045940975819955356 -0.045330716470571332 0.039892706272709931 -0.00029465828628772025
leaf_weight=9.0526943728327733 10.145022362470625 12.621886163949965 1660.272182231769
leaf_count=31 43 39 7667
internal_value=-7.82333e-06 -0.000264743 0
internal_weight=1692.09 1683.04 1672.89
internal_count=7780 7749 7706
is_linear=0
shrinkage=0.0631837


Tree=97
num_leaves=8
num_cat=0
split_feature=14 0 17 25 19 3 3
split_gain=4.16577 8.617 9.60688 7.20304 6.27076 14.8982 9.69033
threshold=1.1925180654144116 1.1696200722103596 0.31019515259271252 -0.97927849926956878 0.85413130328155851 0.13504513366964585 0.19436094416703215
decision_type=2 2 2 2 2 2 2
left_child=4 3 -3 -2 6 -6 -1
right_child=1 2 -4 -5 5 -7 -8
leaf_value=0.0011729624021848601 -0.069227407046989931 0.043238393169511093 -0.0047074007214362567 -0.015080903541213575 0.0071175386644637597 0.077993178400107319 -0.020254301904633239
leaf_weight=1213.9876256212592 11.202782332897185 20.565312802791595 86.647769723087549 96.833813227713108 158.96438797563314 12.888209179043768 90.51765101402998
leaf_count=5618 54 95 406 465 663 53 426
internal_value=-6.43934e-06 -0.00822766 0.00433604 -0.0208478 0.00118106 0.0125286 -0.000301237
internal_weight=1691.61 215.25 107.213 108.037 1476.36 171.853 1304.51
internal_count=7780 1020 501 519 6760 716 6044
is_linear=0
shrinkage=0.0631837


Tree=98
num_leaves=8
num_cat=0
split_feature=21 13 28 29 0 17 11
split_gain=4.16917 9.8732 17.735 8.68537 8.06722 14.2546 11.1255
threshold=-0.07793719566251528 -0.76390097706690996 0.61810621116670428 -0.80126920700254434 -0.3313616213039528 0.44344009576027404 -0.86269329919913174
decision_type=2 2 2 2 2 2 2
left_child=1 2 -1 -3 5 -2 -6
right_child=4 3 -4 -5 6 -7 -8
leaf_value=0.0030398599737049472 -0.025149119330421094 -0.0054751976453037117 -0.037223058357069988 0.014956476551386419 0.018115849710020497 0.018744776422874487 -0.0029372132226269153
leaf_weight=186.97851876169443 130.52477318793535 111.04542241618037 56.768094506114721 317.9246612386778 116.04000924527645 37.740924552083015 734.22028917819262
leaf_count=881 585 565 249 1490 473 145 3392
internal_value=-6.35494e-06 0.00384396 -0.00626983 0.00962909 -0.00256556 -0.0152063 -4.46369e-05
internal_weight=1691.24 672.717 243.747 428.97 1018.53 168.266 850.26
internal_count=7780 3185 1130 2055 4595 730 3865
is_linear=0
shrinkage=0.0631837


Tree=99
num_leaves=8
num_cat=0
split_feature=33 22 9 16 11 15 21
split_gain=4.14495 10.9683 8.98771 12.0543 6.93417 6.77114 5.6072
threshold=-1.2708052941717678 -1.5394586301314102 -0.27353176458755263 0.46758383527756286 0.26633993961573427 -0.48517291332492612 -1.1805318329603163
decision_type=2 2 2 2 2 2 2
left_child=2 5 3 -1 -3 -2 -4
right_child=1 4 6 -5 -6 -7 -8
leaf_value=0.0085130571632423338 -0.065099334826971639 -0.0038574601510877292 0.084781657311863726 -0.056966158581574444 0.0050723648744259728 -0.0067025183592731999 0.012520420724792715
leaf_weight=171.7213147431612 16.97992205619812 883.55602363869548 9.4887317046523112 11.971961326897143 571.43512818589807 16.168942332267761 8.9394616540521366
leaf_count=849 70 3953 52 65 2661 76 54
internal_value=-6.38438e-06 -0.00116921 0.00847371 0.00415601 -0.000339047 -0.0371114 0.0506204
internal_weight=1690.26 1488.14 202.121 183.693 1454.99 33.1489 18.4282
internal_count=7780 6760 1020 914 6614 146 106
is_linear=0
shrinkage=0.0631837


Tree=100
num_leaves=8
num_cat=0
split_feature=20 35 3 23 19 41 17
split_gain=4.09922 8.14473 7.09106 6.26958 5.89051 13.4635 9.92122
threshold=1.7337240172977382 0.74783669765205973 -0.14905058024593623 0.77694856691145542 0.85413130328155851 -0.85494866168077943 1.3258363712009713
decision_type=2 2 2 2 2 2 2
left_child=4 2 -2 -3 6 -6 -1
right_child=1 3 -4 -5 5 -7 -8
leaf_value=-6.1573876584143817e-06 -0.00068034520238363465 0.023831558595087666 -0.054784695288869242 -0.027524854064990202 0.031012957025579001 -0.0018939890108510377 -0.038239324189855109
leaf_weight=1369.9105324978009 16.79070046171546 27.344463281333447 24.997859217226505 14.360417827963827 79.783264741301537 129.1179132387042 27.660072505474091
leaf_count=6383 82 113 111 54 329 587 121
internal_value=-6.05759e-06 -0.0136655 -0.033439 0.00575347 0.000693628 0.0105951 -0.000774618
internal_weight=1689.97 83.4934 41.7886 41.7049 1606.47 208.901 1397.57
internal_count=7780 360 193 167 7420 916 6504
is_linear=0
shrinkage=0.0631837


Tree=101
num_leaves=8
num_cat=0
split_feature=39 29 3 37 26 17 3
split_gain=4.07261 9.24254 7.86625 9.60009 7.68518 7.4677 7.12812
threshold=0.447112703087505 0.96866719580883376 -0.11430487263638996 -3.4874989647816377 0.22050452019175845 -0.99449660912384241 -0.15225248796185328
decision_type=2 2 2 2 2 2 2
left_child=2 6 5 -4 -3 -1 -2
right_child=1 4 3 -5 -6 -7 -8
leaf_value=0.020946567591639001 -0.010139790112897706 -0.00010301114383441188 0.049992691032266341 -0.011574334641300685 0.029994148121880414 -0.00071857518111982134 0.0051821085577570146
leaf_weight=71.463120818138123 182.89094878174365 54.176264114677906 10.309122413396834 364.19777586683631 85.786574121564627 561.4843623181805 359.44891000166535
leaf_count=334 850 241 33 1723 379 2571 1649
internal_value=-8.48637e-06 0.00375097 -0.00257092 -0.00983565 0.0182268 0.00170155 0
internal_weight=1689.76 682.303 1007.45 374.507 139.963 632.947 542.34
internal_count=7780 3119 4661 1756 620 2905 2499
is_linear=0
shrinkage=0.0631837


Tree=102
num_leaves=8
num_cat=0
split_feature=3 3 25 28 28 28 37
split_gain=3.98229 8.54074 10.5536 8.55231 7.81171 15.0541 7.8317
threshold=-0.15486612558157928 -0.13326473490279456 0.55374691709375834 0.48021145797746773 -0.74516741650727392 -0.037485236962184053 -0.33885086927141689
decision_type=2 2 2 2 2 2 2
left_child=4 3 -3 -2 6 -6 -1
right_child=1 2 -4 -5 5 -7 -8
leaf_value=0.039875476395128027 0.016336322599999068 -0.0059343350649393696 0.010641952789143075 -0.0040055312130568982 -0.024672443588221002 0.00081312157210499086 0.00061893129661187533
leaf_weight=26.168581046164036 257.68975613638759 598.10651037842035 205.83103863894939 119.68611462786794 151.055992516689 235.76162248104811 94.312838114798069
leaf_count=119 1192 2869 848 544 694 1059 455
internal_value=-7.49024e-06 0.00199349 -0.00166987 0.00984125 -0.00469945 -0.00909672 0.00928196
internal_weight=1688.61 1181.31 803.938 377.376 507.299 386.818 120.481
internal_count=7780 5453 3717 1736 2327 1753 574
is_linear=0
shrinkage=0.0631837


Tree=103
num_leaves=8
num_cat=0
split_feature=7 35 29 34 21 22 11
split_gain=3.95337 6.98401 8.57382 6.78037 6.19844 12.6644 10.6353
threshold=-0.23338177222288489 0.72923753560889326 0.40983840912427955 0.14000442797938226 0.74360390663780773 1.1264827464171494 0.73707422794836697
decision_type=2 2 2 2 2 2 2
left_child=1 3 -3 -1 5 -2 -6
right_child=4 2 -4 -5 6 -7 -8
leaf_value=-0.016073013229617499 0.0032472415833765087 0.052823377525695131 -0.017044843952929087 0.0048220539973380409 -0.010986538898099663 0.052757541609942768 0.010352146599606666
leaf_weight=194.98357737064362 907.26093750167638 16.577751725912098 11.680443689227102 89.374596577137709 314.96501022204757 21.166788887232542 131.77823403477669
leaf_count=946 4254 80 49 413 1358 89 591
internal_value=-6.19247e-06 -0.00642947 0.0233616 -0.0094478 0.00144205 0.00439372 -0.00465534
internal_weight=1687.79 312.616 28.2582 284.358 1375.17 928.428 446.743
internal_count=7780 1488 129 1359 6292 4343 1949
is_linear=0
shrinkage=0.0631837


Tree=104
num_leaves=7
num_cat=0
split_feature=2 36 40 12 3 26
split_gain=3.90813 6.0796 15.6459 8.37185 4.3628 3.41363
threshold=-1.6437956510699949 -1.8269243155728081 0.98689397796417888 -1.2164759065171507 -0.087283620444801771 -0.76990123347000206
decision_type=2 2 2 2 2 2
left_child=4 2 -2 -3 5 -1
right_child=1 3 -4 -5 -6 -7
leaf_value=0.023129681775264841 -0.00068294002658193353 -0.025025388306781287 0.054992575050098608 0.00057876118854086381 -0.051986749269794241 -0.014319119965279457
leaf_weight=11.511458525434135 64.948938854038715 52.805328175425529 28.850668646395206 1463.0739989094436 10.513396877795456 55.543213441967964
leaf_count=59 254 223 138 6793 51 262
internal_value=-4.81146e-06 0.000652968 0.0162663 -0.000302306 -0.0138669 -0.00764493
internal_weight=1687.25 1609.68 93.7996 1515.88 77.5681 67.0547
internal_count=7780 7408 392 7016 372 321
is_linear=0
shrinkage=0.0631837


Tree=105
num_leaves=8
num_cat=0
split_feature=20 10 13 27 11 19 33
split_gain=3.91509 7.52581 8.56927 5.97884 5.58797 13.5316 8.49423
threshold=1.7337240172977382 2.063662021259804 0.3532567301409742 0.12105213160089136 0.26633993961573427 -0.36174266622074341 -1.3326987785129243
decision_type=2 2 2 2 2 2 2
left_child=4 2 -2 -3 6 -6 -1
right_child=1 3 -4 -5 5 -7 -8
leaf_value=0.011807930756352643 0.0174868281239768 0.045564955305056609 -0.04141826232450143 -0.011860909858107756 -0.0084311248693599242 0.012742555992214435 -0.0043352831981718761
leaf_weight=151.67075189296156 12.492336824536322 12.428131163120272 41.418275278061628 16.638070434331894 177.52453353255987 370.93258057162166 903.50755488313735
leaf_count=760 47 55 180 78 868 1738 4054
internal_value=-4.61132e-06 -0.0133969 -0.0274635 0.0121275 0.00067809 0.00585908 -0.00199928
internal_weight=1686.61 82.9768 53.9106 29.0662 1603.64 548.457 1055.18
internal_count=7780 360 227 133 7420 2606 4814
is_linear=0
shrinkage=0.0631837


Tree=106
num_leaves=7
num_cat=0
split_feature=22 36 40 9 18 40
split_gain=3.95265 11.986 22.3779 9.19853 8.62477 6.55777
threshold=-1.4298993954787294 -1.0913932495643197 0.98689397796417888 -0.42737496179487539 -1.5200165611644516 1.3537684059733384
decision_type=2 2 2 2 2 2
left_child=3 2 -2 4 -1 -3
right_child=1 5 -4 -5 -6 -7
leaf_value=0.0046599569501521235 0.0014452118639674378 0.00016301885482978835 0.05501541523392077 0.036259237183093998 -0.02853871391680643 -0.018775447980986321
leaf_weight=50.28370589017868 101.47542849928141 1317.2628791509196 45.338169898837805 15.153587505221365 79.322602991014719 77.183820036239922
leaf_count=228 399 6054 208 79 394 418
internal_value=-4.55357e-06 0.000923254 0.0181005 -0.00999654 -0.0155317 -0.000873448
internal_weight=1686.02 1541.26 146.814 144.76 129.606 1394.45
internal_count=7780 7079 607 701 622 6472
is_linear=0
shrinkage=0.0631837


Tree=107
num_leaves=4
num_cat=0
split_feature=15 8 17
split_gain=3.73738 3.9752 6.95582
threshold=1.6546529718768814 2.9247846225390406 1.4632142673901698
decision_type=2 2 2
left_child=1 2 -1
right_child=-2 -3 -4
leaf_value=0.0010788252025755974 -0.034992616093991076 0.029853402203304936 -0.014569590345875474
leaf_weight=1532.3033259073272 12.105442270636557 17.906997166574001 122.45291709527373
leaf_count=7117 58 78 527
internal_value=-2.12072e-06 0.000241282 -6.92287e-05
internal_weight=1684.77 1672.66 1654.76
internal_count=7780 7722 7644
is_linear=0
shrinkage=0.0631837


Tree=108
num_leaves=7
num_cat=0
split_feature=34 4 27 30 15 36
split_gain=3.73787 5.90884 7.0162 5.99371 4.39724 5.00284
threshold=-0.37964305377306434 -0.31019140222313796 -0.082743320494055944 1.7570277218731583 0.6049567499863221 0.17233161652626902
decision_type=2 2 2 2 2 2
left_child=4 2 -2 -3 5 -1
right_child=1 3 -4 -5 -6 -7
leaf_value=-0.0022388292002591828 0.065663050718599403 -0.00040722944371080052 0.00023671912270388704 0.031581823619559239 0.022310312521544147 -0.042273229774520568
leaf_weight=25.509912855923176 12.087763469666244 1571.7854046989232 15.382512196898459 23.734153404831886 9.9739058464765531 26.206362413242459
leaf_count=130 55 7217 74 115 56 133
internal_value=-1.58888e-06 0.000568887 0.029625 5.8317e-05 -0.0152766 -0.0228436
internal_weight=1684.68 1622.99 27.4703 1595.52 61.6902 51.7163
internal_count=7780 7461 129 7332 319 263
is_linear=0
shrinkage=0.0631837


Tree=109
num_leaves=8
num_cat=0
split_feature=40 30 17 15 30 16 4
split_gain=3.71437 9.87008 10.5817 8.71525 8.64714 6.89 2.93032
threshold=-0.38230002736377383 1.2503226163729313 -1.8458630628636821 0.45940413629552651 1.6853122890395948 -1.2374767927462129 0.10194136968500055
decision_type=2 2 2 2 2 2 2
left_child=4 2 -2 -3 5 -1 -6
right_child=1 3 -4 -5 6 -7 -8
leaf_value=0.027124003285579412 0.061707366827930925 -0.036706775301438933 -0.0012669961488877394 0.0060642707582641703 0.017832759892199422 0.00057367785934220468 0.067316249127593916
leaf_weight=41.798014797270298 10.773603722453116 58.593263320624828 912.26884680986404 27.261305190622807 10.778978953137996 612.22799975052476 10.631160248070954
leaf_count=185 49 265 4211 136 56 2829 49
internal_value=-8.51126e-07 -0.00243834 -0.000514153 -0.0229342 0.00361567 0.00229562 0.0431718
internal_weight=1684.33 1008.9 923.042 85.8546 675.436 654.026 21.4101
internal_count=7780 4661 4260 401 3119 3014 105
is_linear=0
shrinkage=0.0631837


Tree=110
num_leaves=7
num_cat=0
split_feature=27 40 0 14 33 3
split_gain=3.73285 7.30595 4.48977 10.2232 8.43675 3.44546
threshold=1.0224344662003704 -0.015425599354614695 1.2623407551617234 1.213298590895123 0.29716297580419931 -0.10723947807173316
decision_type=2 2 2 2 2 2
left_child=2 -2 3 -1 -4 -3
right_child=1 5 4 -5 -6 -7
leaf_value=0.00077116184883031032 0.011200503611648011 -0.075111339002612604 0.052699698745794304 -0.019763467820322334 0.0053626303554538055 -0.018985417551914126
leaf_weight=1382.3661434240639 15.3833831846714 9.2003006488084775 16.953455053269863 104.01544839516282 145.37350521609187 10.241138227283956
leaf_count=6346 77 49 86 508 660 54
internal_value=0 -0.020479 0.00042445 -0.000654767 0.0104078 -0.0463919
internal_weight=1683.53 34.8248 1648.71 1486.38 162.327 19.4414
internal_count=7780 180 7600 6854 746 103
is_linear=0
shrinkage=0.0631837


Tree=111
num_leaves=7
num_cat=0
split_feature=29 6 22 22 33 21
split_gain=3.76978 6.96499 7.15393 5.54088 11.124 9.99982
threshold=-1.5323865558266296 -0.022347038674318528 -1.1377414364049148 -0.88666819032585542 -1.1057560025953503 1.0000000180025095e-35
decision_type=2 2 2 2 2 2
left_child=1 2 -1 4 -2 -5
right_child=3 -3 -4 5 -6 -7
leaf_value=0.013666822335913837 0.0039410675030592604 0.025028454017873087 -0.03978824328831318 0.011642038712032295 -0.017656247811803999 -0.00092164137377694555
leaf_weight=13.023959644138811 203.7607431858778 13.331114895641802 37.944927550852299 353.05434207431972 177.20549058541656 884.80302804149687
leaf_count=60 1017 67 183 1664 794 3995
internal_value=0 -0.0150112 -0.0258063 0.000588456 -0.0060617 0.00264841
internal_weight=1683.12 64.3 50.9689 1618.82 380.966 1237.86
internal_count=7780 310 243 7470 1811 5659
is_linear=0
shrinkage=0.0631837


Tree=112
num_leaves=6
num_cat=0
split_feature=27 17 34 19 16
split_gain=3.61902 6.19764 4.24928 6.05529 5.9908
threshold=-1.0163838160094365 -0.4200754411523196 -0.042737823269062745 -1.2271311329884533 -0.48131294842517386
decision_type=2 2 2 2 2
left_child=1 -1 4 -4 -2
right_child=2 -3 3 -5 -6
leaf_value=-0.042298151314472773 -0.020372702822937738 0.0045723383523412877 0.019481139381223193 0.00087150985071311738 -3.3620743318516651e-06
leaf_weight=21.435895793139935 87.617688735947013 22.560613080859184 73.948882099241018 1304.0407934403047 173.23130195587873
leaf_count=96 428 90 346 5989 831
internal_value=0 -0.01789 0.00047293 0.00188212 -0.00690835
internal_weight=1682.84 43.9965 1638.84 1377.99 260.849
internal_count=7780 186 7594 6335 1259
is_linear=0
shrinkage=0.0631837


Tree=113
num_leaves=7
num_cat=0
split_feature=22 36 41 9 33 18
split_gain=3.80083 10.5742 20.1012 8.19367 7.35008 6.13485
threshold=-1.4298993954787294 -1.0913932495643197 -0.60403644501181375 -0.42737496179487539 -1.8278466532421771 -1.2555649218160825
decision_type=2 2 2 2 2 2
left_child=3 2 -2 4 -1 -3
right_child=1 5 -4 -5 -6 -7
leaf_value=0.01406772054818385 -0.00076494422486559927 0.046756329985995528 0.047507855218984298 0.033704895602549502 -0.022849606617859487 -0.0011571635294037631
leaf_weight=26.688945800065994 91.980599351227283 10.740051180124281 54.431166283786297 15.213063549250363 102.2454065605998 1380.9881957909092
leaf_count=137 350 47 257 79 485 6425
internal_value=0 0.000912297 0.017069 -0.00981752 -0.0150803 -0.000775596
internal_weight=1682.29 1538.14 146.412 144.147 128.934 1391.73
internal_count=7780 7079 607 701 622 6472
is_linear=0
shrinkage=0.0631837


Tree=114
num_leaves=8
num_cat=0
split_feature=2 7 22 28 16 17 10
split_gain=3.54528 4.6961 6.89403 5.27074 4.25541 4.71037 3.24035
threshold=-1.6437956510699949 -0.2193233572371136 -1.1925210537312554 -0.89732929206505541 -0.31454653803474514 0.01017808246927112 -0.51394155540146513
decision_type=2 2 2 2 2 2 2
left_child=4 3 -3 -2 6 -6 -1
right_child=1 2 -4 -5 5 -7 -8
leaf_value=-0.013989244664742878 0.0097509226063939285 -0.0096943369098243578 0.0044233429614075198 -0.0089736570349068286 0.034712893694086921 -0.020108698066350277 -0.051602373014522619
leaf_weight=39.3803940564394 73.334488730877638 158.26851887255907 1057.3562851268798 315.57133577764034 12.905687510967256 11.812242008745669 12.848470354452727
leaf_count=186 365 765 4779 1499 60 52 74
internal_value=0 0.000629185 0.00257176 -0.00540055 -0.0132545 0.00784936 -0.0235571
internal_weight=1681.48 1604.53 1215.62 388.906 76.9468 24.7179 52.2289
internal_count=7780 7408 5544 1864 372 112 260
is_linear=0
shrinkage=0.0631837


Tree=115
num_leaves=8
num_cat=0
split_feature=18 23 15 19 41 3 2
split_gain=3.4796 7.03166 8.24693 5.8473 12.3151 8.84755 4.21337
threshold=1.8054048402412139 0.33819759490817691 0.71993738360767179 0.85413130328155851 -0.85494866168077943 0.19436094416703215 1.4503535825874467
decision_type=2 2 2 2 2 2 2
left_child=3 6 -3 5 -5 -1 -2
right_child=1 2 -4 4 -6 -7 -8
leaf_value=0.00060510846194115713 -0.051282978111540603 0.032739531061238267 -0.020058672311958903 0.031658565797000236 -0.0014643688897006822 -0.019271549235322826 -0.0058692827183322235
leaf_weight=1312.91799991671 21.73287507891655 21.200483024120331 26.470235034823418 72.009457476437092 116.32735026627779 95.863352373242378 14.473551906645296
leaf_count=6129 90 86 111 294 536 461 73
internal_value=0 -0.0125515 0.00307718 0.00065114 0.0111127 -0.000735766 -0.033583
internal_weight=1681 83.8771 47.6707 1597.12 188.337 1408.78 36.2064
internal_count=7780 360 197 7420 830 6590 163
is_linear=0
shrinkage=0.0631837


Tree=116
num_leaves=8
num_cat=0
split_feature=21 11 37 8 40 32 11
split_gain=3.63615 8.81002 12.0952 8.45601 9.63795 8.33251 7.05426
threshold=0.63550639317723878 0.73707422794836697 0.26424105769298267 0.22549082238348753 1.0000000180025095e-35 -0.010710200125339435 -0.86269329919913174
decision_type=2 2 2 2 2 2 2
left_child=3 6 -3 4 -1 -5 -2
right_child=1 2 -4 5 -6 -7 -8
leaf_value=0.0050554106552054279 0.0065516884683958646 -0.028453941323812935 0.016160059265512883 -0.0035728228449434696 -0.0079238685160677585 0.027314689503251565 -0.013443493180444143
leaf_weight=578.27456049062312 89.001068137586117 29.310036711394787 136.33222065120935 53.54229848459363 377.46417898591608 95.519741844385862 321.21393409371376
leaf_count=2613 363 138 619 265 1853 474 1455
internal_value=0 -0.00408006 0.00816643 0.00211241 -5.34834e-05 0.0161097 -0.00906521
internal_weight=1680.66 575.857 165.642 1104.8 955.739 149.062 410.215
internal_count=7780 2575 757 5205 4466 739 1818
is_linear=0
shrinkage=0.0631837


Tree=117
num_leaves=8
num_cat=0
split_feature=17 22 3 0 11 36 39
split_gain=3.40999 7.72085 12.0226 6.36966 9.79977 8.10863 4.32082
threshold=1.4339747652561525 1.2177821086277163 0.022381930564106488 1.2623407551617234 0.84808277525333386 0.75794867995782622 0.447112703087505
decision_type=2 2 2 2 2 2 2
left_child=3 6 -3 5 -5 -1 -2
right_child=1 2 -4 4 -6 -7 -8
leaf_value=0.0016595560898895745 -0.051947789971418107 -0.0073989421897303351 0.060706670238677214 0.0064517494931104159 0.055365146146562377 -0.012137086192786316 -0.010370156727562857
leaf_weight=1217.9360417090356 21.58680747449398 97.294936396181583 11.578468300402163 92.786151897162199 20.160142313688993 197.60290581360459 20.759604759514332
leaf_count=5631 98 421 47 434 100 955 94
internal_value=0 -0.00906033 -4.99397e-06 0.000885947 0.0153281 -0.000254776 -0.0319534
internal_weight=1679.71 151.22 108.873 1528.49 112.946 1415.54 42.3464
internal_count=7780 660 468 7120 534 6586 192
is_linear=0
shrinkage=0.0631837


Tree=118
num_leaves=7
num_cat=0
split_feature=29 6 22 22 15 21
split_gain=3.39343 6.122 6.46588 4.54142 9.27771 8.87025
threshold=-1.5323865558266296 -0.022347038674318528 -1.1377414364049148 -0.88666819032585542 -3.7684324236010696 1.0000000180025095e-35
decision_type=2 2 2 2 2 2
left_child=1 2 -1 4 -2 -5
right_child=3 -3 -4 5 -6 -7
leaf_value=0.012835474622634742 0.053092921557747745 0.023040761008611025 -0.037974848842567709 0.010887568439587098 -0.0071784396428239442 -0.00094727598338209616
leaf_weight=13.059455163776873 10.433064348995684 13.408286876976488 37.467922285199165 353.15798431448638 368.98892336711287 882.89377237856388
leaf_count=60 39 67 183 1664 1772 3995
internal_value=0 -0.014286 -0.0245168 0.000555503 -0.0054778 0.00242081
internal_weight=1679.41 63.9357 50.5274 1615.47 379.422 1236.05
internal_count=7780 310 243 7470 1811 5659
is_linear=0
shrinkage=0.0631837


Tree=119
num_leaves=6
num_cat=0
split_feature=27 40 25 25 3
split_gain=3.41102 6.53856 4.47421 5.91046 2.75419
threshold=1.0224344662003704 -0.015425599354614695 -1.44275552329006 -1.0822291439137517 -0.094220283496436991
decision_type=2 2 2 2 2
left_child=2 -2 -1 -4 -3
right_child=1 4 3 -5 -6
leaf_value=0.040613781321093487 0.010180509380261517 -0.068245068847370111 -0.014288206906763379 0.0011354857855764152 -0.017281672840983801
leaf_weight=10.976430125534533 15.375415056943892 9.893898490816353 106.05576602742076 1527.252587730065 9.2874442934989947
leaf_count=57 77 54 512 7031 49
internal_value=0 -0.0196541 0.000404201 0.000123909 -0.0444264
internal_weight=1678.84 34.5568 1644.28 1633.31 19.1813
internal_count=7780 180 7600 7543 103
is_linear=0
shrinkage=0.0631837


Tree=120
num_leaves=5
num_cat=0
split_feature=24 11 6 29
split_gain=3.40293 6.134 5.15234 3.91337
threshold=-1.5157376943313132 -0.33063714374356479 -0.20136873978901418 -1.4121545921645147
decision_type=2 2 2 2
left_child=1 -1 -2 -4
right_child=2 -3 3 -5
leaf_value=0.010551557039016821 0.036556332613767298 -0.051282428872420446 -0.013100676577979527 0.00072659402405354724
leaf_weight=11.183278717100622 15.536474749445913 13.930138558149336 86.254652179777622 1551.6523415204138
leaf_count=54 74 70 424 7158
internal_value=0 -0.0230923 0.000341943 0
internal_weight=1678.56 25.1134 1653.44 1637.91
internal_count=7780 124 7656 7582
is_linear=0
shrinkage=0.0631837


Tree=121
num_leaves=8
num_cat=0
split_feature=38 31 15 11 27 6 17
split_gain=3.36181 8.18584 10.4328 7.13027 5.34515 9.03035 6.23023
threshold=1.061388869207883 -0.023796063767538986 -1.0007710541362278 0.04480336867412605 -0.22343199523156371 -0.052913953700228229 -1.1160014359815245
decision_type=2 2 2 2 2 2 2
left_child=4 2 -2 -3 5 -1 -6
right_child=1 3 -4 -5 6 -7 -8
leaf_value=-0.0038967186484767523 0.037694454653504898 -0.031890245016987936 0.0048243387987695775 0.0084824194781995248 0.018985759530944935 -0.035844457005983786 -0.00088154384416300224
leaf_weight=175.75124272704124 46.46625754982233 38.934986181557178 237.40235520154238 30.75447254627943 67.059871584177017 44.73210633546114 1037.2131159063429
leaf_count=777 179 175 1117 142 316 200 4874
internal_value=0 0.00546587 0.0102628 -0.0138375 -0.00146885 -0.0104529 0.000310058
internal_weight=1678.31 353.558 283.869 69.6895 1324.76 220.483 1104.27
internal_count=7780 1613 1296 317 6167 977 5190
is_linear=0
shrinkage=0.0631837


Tree=122
num_leaves=5
num_cat=0
split_feature=14 14 28 29
split_gain=3.33306 4.98686 5.81568 5.25509
threshold=2.9350434514110599 1.1925180654144116 0.78147843996222699 1.6208947490980812
decision_type=2 2 2 2
left_child=1 3 -3 -1
right_child=-2 2 -4 -5
leaf_value=0.00018155203479971804 0.032437891976058467 -0.003125526375133737 -0.027905588462440224 0.018470545758254384
leaf_weight=1400.1897958535701 12.545042939484118 147.89004664495587 51.728051070123911 65.770535886287689
leaf_count=6461 60 721 239 299
internal_value=0 -0.000252324 -0.00962929 0.00101331
internal_weight=1678.12 1665.58 199.618 1465.96
internal_count=7780 7720 960 6760
is_linear=0
shrinkage=0.0631837


Tree=123
num_leaves=5
num_cat=0
split_feature=15 16 41 41
split_gain=3.27953 3.40392 11.7946 8.57878
threshold=1.6546529718768814 0.34917977740730399 0.42422094125720317 1.3606380821055131
decision_type=2 2 2 2
left_child=1 3 -3 -1
right_child=-2 2 -4 -5
leaf_value=-5.7009088487353251e-05 -0.032986681445843248 -0.0044038617995892796 0.016390480240596726 -0.021475076856445653
leaf_weight=1148.3588259657845 11.951557263731955 238.39964987710118 199.15996531397104 79.968597821891308
leaf_count=5237 58 1114 970 401
internal_value=0 0.000229496 0.00502332 -0.00146479
internal_weight=1677.84 1665.89 437.56 1228.33
internal_count=7780 7722 2084 5638
is_linear=0
shrinkage=0.0631837


Tree=124
num_leaves=7
num_cat=0
split_feature=2 33 22 27 3 16
split_gain=3.21596 4.8291 10.2953 7.27709 4.13026 3.71547
threshold=-1.6437956510699949 -1.2708052941717678 -1.6672777372262042 -0.34359922112391356 -0.087283620444801771 -0.31454653803474514
decision_type=2 2 2 2 2 2
left_child=4 3 -3 -2 5 -1
right_child=1 2 -4 -5 -6 -7
leaf_value=-0.017099693471508529 -0.016020231627682142 -0.057938616423960011 -9.1837255913605962e-05 0.016813329800122422 -0.0501973546118962 0.014701979444690609
leaf_weight=44.804085560142994 32.805470235645771 12.396234259009359 1414.190375495702 141.3378782235086 10.271757472306488 21.324213307350874
leaf_count=225 162 56 6466 724 51 96
internal_value=0 0.000595589 -0.000606021 0.0105336 -0.0126733 -0.00659601
internal_weight=1677.13 1600.73 1426.59 174.143 76.4001 66.1283
internal_count=7780 7408 6522 886 372 321
is_linear=0
shrinkage=0.0631837


Tree=125
num_leaves=7
num_cat=0
split_feature=3 29 2 28 1 37
split_gain=3.15665 6.26233 10.9445 8.1893 5.1002 6.5862
threshold=-0.16136610258974643 -0.74604384786238309 0.44092298529716406 -0.037485236962184053 -1.950308120380553 -1.9036720252033221
decision_type=2 2 2 2 2 2
left_child=1 2 -1 -3 -2 -6
right_child=4 3 -4 -5 5 -7
leaf_value=0.02750175506235944 -0.030149628446711738 -0.029739105262990076 -0.028709816279426769 -0.001891311781772959 0.018426956739858211 0.00046865049882615977
leaf_weight=44.930317297577858 20.469682484865189 69.561925840564072 19.754656635224819 110.54850438609719 87.060320965945721 1324.5075864568353
leaf_count=210 90 329 90 518 326 6217
internal_value=-8.62965e-07 -0.00664116 0.0100806 -0.0127379 0.00112276 0.0015879
internal_weight=1676.83 244.795 64.685 180.11 1432.04 1411.57
internal_count=7780 1147 300 847 6633 6543
is_linear=0
shrinkage=0.0631837


Tree=126
num_leaves=8
num_cat=0
split_feature=7 39 4 21 8 22 28
split_gain=3.16456 5.85177 9.89985 5.81028 12.635 10.3457 4.98486
threshold=0.9287935400860966 1.0000000180025095e-35 0.45398042707590192 0.98141843625105873 -0.3289402416893063 1.071703129090809 -0.19936747111187844
decision_type=2 2 2 2 2 2 2
left_child=3 6 -3 5 -5 -1 -2
right_child=1 2 -4 4 -6 -7 -8
leaf_value=-0.00033781291286545998 -0.03877479030624563 0.077271080592031458 0.0075221393455543444 0.04503553808295635 -0.012028668792841975 0.021318068755007729 0.01890133650756784
leaf_weight=1231.3937416812405 12.329082187265159 11.857561856508253 27.853450402617455 16.332519620656967 270.28785484284163 94.754071161150932 11.219602681696413
leaf_count=5813 53 48 118 66 1206 425 51
internal_value=-1.52604e-06 0.0138511 0.028763 -0.000555083 -0.0087196 0.00119711 -0.0105971
internal_weight=1676.03 63.2597 39.711 1612.77 286.62 1326.15 23.5487
internal_count=7780 270 166 7510 1272 6238 104
is_linear=0
shrinkage=0.0631837


Tree=127
num_leaves=8
num_cat=0
split_feature=3 28 40 13 3 28 18
split_gain=3.14335 9.51915 8.09733 6.11266 5.53541 6.77569 6.77407
threshold=-0.038871597213554605 -1.1114017989131368 1.0000000180025095e-35 -0.55312739905994868 -0.15486612558157928 -0.74516741650727392 1.8054048402412139
decision_type=2 2 2 2 2 2 2
left_child=4 3 -3 -2 5 -1 -6
right_child=1 2 -4 -5 6 -7 -8
leaf_value=0.0091894407677085253 -0.082246880170076031 0.0065819699547333453 -0.014022872150051284 -0.01932703907364729 0.0057748120284040012 -0.0079833500331382302 -0.022200350088859261
leaf_weight=119.96444956213236 9.3401741087436694 180.14320567250252 131.39856212586164 21.230986088514328 795.8347280472517 381.97970688715577 35.914535388350487
leaf_count=574 55 813 640 116 3671 1753 158
internal_value=-2.7309e-07 -0.00541303 -0.00205572 -0.0390884 0.00137585 -0.0038463 0.00454709
internal_weight=1675.81 342.113 311.542 30.5712 1333.69 501.944 831.749
internal_count=7780 1624 1453 171 6156 2327 3829
is_linear=0
shrinkage=0.0631837


Tree=128
num_leaves=5
num_cat=0
split_feature=27 29 27 21
split_gain=3.08632 5.67321 3.78853 4.76947
threshold=-1.0163838160094365 0.88109374101647697 -0.85365024536868728 -0.81300028719438266
decision_type=2 2 2 2
left_child=1 -1 -2 -4
right_child=2 -3 3 -5
leaf_value=-0.038767179127296103 0.033010202338547082 0.0063332441674780844 0.0068029191945623976 -0.0016214764384499172
leaf_weight=22.505940057337284 14.1305990293622 20.99781809002161 339.46922275237739 1278.0268132109195
leaf_count=95 62 91 1641 5891
internal_value=-1.83399e-06 -0.0166207 0.000431193 0.000136412
internal_weight=1675.13 43.5038 1631.63 1617.5
internal_count=7780 186 7594 7532
is_linear=0
shrinkage=0.0631837


Tree=129
num_leaves=8
num_cat=0
split_feature=22 36 39 33 27 28 8
split_gain=3.20835 8.95366 15.5787 7.48442 10.2779 8.64931 5.76256
threshold=-0.88666819032585542 -0.80037718259848878 1.0000000180025095e-35 -1.1676494869365068 -0.41381067214490758 -1.2487297910433501 -0.80617485404635492
decision_type=2 2 2 2 2 2 2
left_child=3 2 -2 4 -1 -5 -3
right_child=1 6 -4 5 -6 -7 -8
leaf_value=-0.031118156156163864 -0.010960507296938073 -0.02035445039320501 0.035481759741941038 0.024139318650191775 0.0097256705206383454 -0.018243094456305075 0.00079957418630394509
leaf_weight=28.707466773688793 45.844191282987595 53.906489945948124 75.763359256088734 21.238673865795135 168.20585948601365 177.80990975350142 1103.5634773317724
leaf_count=139 170 238 327 93 857 805 5151
internal_value=-7.12844e-07 0.00152801 0.0178385 -0.00498048 0.00368764 -0.0136382 -0.000171418
internal_weight=1675.04 1279.08 121.608 395.962 196.913 199.049 1157.47
internal_count=7780 5886 497 1894 996 898 5389
is_linear=0
shrinkage=0.0631837


Tree=130
num_leaves=8
num_cat=0
split_feature=28 11 2 19 1 42 40
split_gain=3.15796 7.47077 9.46411 7.89141 6.84165 28.9533 10.3331
threshold=-0.53255899090277781 -0.29834075902846635 0.049758332276755461 -0.27496502859444388 -1.2045679118076538 1.0000000180025095e-35 1.3537684059733384
decision_type=2 2 2 2 2 2 2
left_child=1 2 -1 -3 5 -2 -6
right_child=4 3 -4 -5 6 -7 -8
leaf_value=-0.0045061135316197256 -0.02301726302194777 -0.02046468698711271 0.024793004146667654 -0.0012521765646648234 0.0052040204660159569 0.062537535240637987 -0.024190711370319033
leaf_weight=119.74053283408284 117.22917877044529 149.26902290806174 69.004958435893059 203.93483010306954 946.9787024538964 18.180879928171635 50.120000943541527
leaf_count=560 530 757 321 997 4296 72 247
internal_value=-5.52168e-07 -0.00397689 0.00611846 -0.00941822 0.00188776 -0.0114088 0.00370998
internal_weight=1674.46 541.949 188.745 353.204 1132.51 135.41 997.099
internal_count=7780 2635 881 1754 5145 602 4543
is_linear=0
shrinkage=0.0631837


Tree=131
num_leaves=6
num_cat=0
split_feature=27 40 25 25 3
split_gain=3.07046 5.78563 3.83018 5.08457 2.46903
threshold=1.0224344662003704 -0.015425599354614695 -1.44275552329006 -1.1056688414552756 -0.094220283496436991
decision_type=2 2 2 2 2
left_child=2 -2 -1 -4 -3
right_child=1 4 3 -5 -6
leaf_value=0.037351201081892146 0.0091579508463606411 -0.065329482541039638 -0.014197459263825858 0.00099728466680215665 -0.016524203774996114
leaf_weight=11.113367498852311 15.383508026599882 9.6452583633363229 93.241174750030041 1534.6530198138207 9.2304632440209406
leaf_count=57 77 54 450 7093 49
internal_value=-2.10618e-06 -0.0187326 0.000379374 0.000116871 -0.0423343
internal_weight=1673.27 34.2592 1639.01 1627.89 18.8757
internal_count=7780 180 7600 7543 103
is_linear=0
shrinkage=0.0631837


Tree=132
num_leaves=8
num_cat=0
split_feature=21 29 3 32 7 40 26
split_gain=2.99871 8.32809 7.86978 8.71966 7.60124 7.15451 5.89005
threshold=0.22473584202707739 1.2301620061273024 0.21863285848016586 1.0000000180025095e-35 -0.15056365739932839 1.0000000180025095e-35 0.021021375981714704
decision_type=2 2 2 2 2 2 2
left_child=2 4 3 -1 -2 -4 -3
right_child=1 6 5 -5 -6 -7 -8
leaf_value=0.0023005533432010855 -0.013673632567959284 -0.0083740116491301617 -0.0017626921900729922 0.026959391742611711 -0.0001503926605107909 -0.04899615440571909 0.021174391964546783
leaf_weight=725.48606690019369 272.18425741232932 37.779338896274567 33.792559541761875 62.425048136152327 431.49574611708522 21.394669398665428 88.419547539204359
leaf_count=3419 1266 173 159 307 1946 115 395
internal_value=-1.84267e-06 -0.00270789 0.00264227 0.00427511 -0.00540457 -0.0203719 0.0121984
internal_weight=1672.98 829.879 843.098 787.911 703.68 55.1872 126.199
internal_count=7780 3780 4000 3726 3212 274 568
is_linear=0
shrinkage=0.0631837


Tree=133
num_leaves=7
num_cat=0
split_feature=22 36 40 9 18 18
split_gain=3.00452 8.62135 19.3803 7.0917 7.22335 5.5211
threshold=-1.4298993954787294 -1.0913932495643197 1.0000000180025095e-35 -0.42737496179487539 -1.5200165611644516 -1.2555649218160825
decision_type=2 2 2 2 2 2
left_child=3 2 -2 4 -1 -3
right_child=1 5 -4 -5 -6 -7
leaf_value=0.0048098015114079792 0.049505762629118148 0.044330808521500183 -7.5472847304880282e-05 0.031614030772736397 -0.025770483028863603 -0.0010806986743357222
leaf_weight=49.715014614164829 45.727684281766415 10.760278381407259 98.850910786539316 15.256693270057438 77.92532104998827 1373.8267969507724
leaf_count=228 173 47 434 79 394 6425
internal_value=-3.10672e-06 0.000805798 0.0154925 -0.00877442 -0.0137308 -0.000715907
internal_weight=1672.06 1529.17 144.579 142.897 127.64 1384.59
internal_count=7780 7079 607 701 622 6472
is_linear=0
shrinkage=0.0631837


Tree=134
num_leaves=8
num_cat=0
split_feature=40 30 5 17 25 41 41
split_gain=2.95803 8.60376 10.3356 9.75918 7.46386 20.7346 12.1625
threshold=-0.38230002736377383 1.0405965920452001 0.50010175722798256 -1.8458630628636821 -0.40332342261849236 1.0000000180025095e-35 1.0178856200158408
decision_type=2 2 2 2 2 2 2
left_child=4 3 -3 -2 6 -6 -1
right_child=1 2 -4 -5 5 -7 -8
leaf_value=-0.010082859448552578 0.061044711958460042 -0.022520917325982489 0.035908982111903978 -0.00058607066738836783 0.025124236851023524 -0.0061561790715543721 0.018367286787131447
leaf_weight=257.19090321660042 10.381170950829981 125.0024464353919 13.180258043110369 849.85498809814453 173.41089003905654 163.9174164943397 77.998336240649223
leaf_count=1194 48 583 63 3967 799 774 352
internal_value=-1.60628e-06 -0.00219326 -0.0168287 0.000138562 0.00322767 0.00987544 -0.00341347
internal_weight=1670.94 998.419 138.183 860.236 672.518 337.328 335.189
internal_count=7780 4661 646 4015 3119 1573 1546
is_linear=0
shrinkage=0.0631837


Tree=135
num_leaves=8
num_cat=0
split_feature=20 35 3 19 0 17 23
split_gain=2.93134 7.0702 6.37347 5.326 10.3323 7.95959 5.05896
threshold=1.7337240172977382 0.74783669765205973 -0.14905058024593623 0.85413130328155851 -0.058639008349607898 1.3258363712009713 0.77694856691145542
decision_type=2 2 2 2 2 2 2
left_child=3 2 -2 5 -5 -1 -3
right_child=1 6 -4 4 -6 -7 -8
leaf_value=-0.00012562816119457304 0 0.022743544211088585 -0.051424429611511328 0.037280525974660687 0.0026096847015550629 -0.034654926940522288 -0.023908617649783033
leaf_weight=1354.4954245090485 16.398744110018015 26.957153175026178 23.868949092924595 43.907983750104904 162.95767270028591 27.209961339831352 13.918120883405207
leaf_count=6383 82 113 111 178 738 121 54
internal_value=-1.39648e-06 -0.0117249 -0.0305885 0.000587077 0.0100482 -0.000817517 0.00645606
internal_weight=1669.71 81.143 40.2677 1588.57 206.866 1381.71 40.8753
internal_count=7780 360 193 7420 916 6504 167
is_linear=0
shrinkage=0.0631837


Tree=136
num_leaves=5
num_cat=0
split_feature=14 27 20 28
split_gain=2.9258 4.26049 3.64386 3.51101
threshold=2.9350434514110599 1.1163091790025639 1.7337240172977382 0.38791796561930575
decision_type=2 2 2 2
left_child=1 2 -1 -3
right_child=-2 3 -4 -5
leaf_value=0.00082665370528713067 0.030343187237354723 -0.044176816441089298 -0.013335706130929574 0.0013153022777916603
leaf_weight=1554.3165238620713 12.580268528312443 15.917659796774389 76.047943711280823 10.605371061712502
leaf_count=7240 60 91 336 53
internal_value=-2.33526e-06 -0.000242666 0.000155967 -0.0253665
internal_weight=1669.47 1656.89 1630.36 26.523
internal_count=7780 7720 7576 144
is_linear=0
shrinkage=0.0631837


Tree=137
num_leaves=7
num_cat=0
split_feature=23 11 5 23 7 24
split_gain=2.87601 7.13932 6.45062 4.62245 9.39465 4.92363
threshold=-0.90524136155733703 -1.4851048166702945 -0.14304736557703188 -0.8164796913784732 -0.25516819605516472 -0.85273882290859626
decision_type=2 2 2 2 2 2
left_child=1 -1 -3 4 -2 -5
right_child=3 2 -4 5 -6 -7
leaf_value=0.037170537836788843 -0.0098497897420079701 -0.051298326147901439 -0.0077959535749793944 -0.017182501816046854 0.046521282512160714 0.00090049058775091672
leaf_weight=11.946158990263937 21.397246077656746 16.00700468569994 102.5861052274704 62.73552417755127 25.288444191217422 1429.2683193357661
leaf_count=47 102 70 503 300 115 6643
internal_value=-1.23532e-06 -0.00901525 -0.0138063 0.000752808 0.0203327 0.000129118
internal_weight=1669.23 130.539 118.593 1538.69 46.6857 1492
internal_count=7780 620 573 7160 217 6943
is_linear=0
shrinkage=0.0631837


Tree=138
num_leaves=8
num_cat=0
split_feature=22 36 22 33 2 32 29
split_gain=2.88597 6.98049 14.4719 6.78905 9.2295 6.4224 5.42453
threshold=-0.88666819032585542 -0.80037718259848878 0.030890399890343839 -1.1882806483835588 0.48759713359872414 -0.033860514485968843 -1.5323865558266296
decision_type=2 2 2 2 2 2 2
left_child=3 2 -2 4 -1 -5 -3
right_child=1 6 -4 5 -6 -7 -8
leaf_value=-2.641483929017116e-05 0.032477837472899541 -0.02153071026536672 -0.012763734900333411 0.018038900467680318 0.053766574620585733 -0.016924239184379731 0.00080949711975474882
leaf_weight=177.57675026357174 76.93788580223918 45.153517104685307 43.946814723312855 23.311055064201355 13.666966702789066 179.23946946114302 1109.0155944963917
leaf_count=900 322 225 175 109 74 811 5164
internal_value=-1.7956e-06 0.00144854 0.0158945 -0.00473954 0.00373184 -0.0128192 -5.02505e-05
internal_weight=1668.85 1275.05 120.885 393.794 191.244 202.551 1154.17
internal_count=7780 5886 497 1894 974 920 5389
is_linear=0
shrinkage=0.0631837


Tree=139
num_leaves=8
num_cat=0
split_feature=22 19 24 33 1 32 40
split_gain=2.86373 7.6734 9.13501 6.51353 9.19414 5.37023 5.05853
threshold=-1.4298993954787294 -1.4681698759893342 -0.33464629329356921 -1.7040596845598641 -0.783086438854662 -0.028640001155197752 -0.38230002736377383
decision_type=2 2 2 2 2 2 2
left_child=3 2 -2 4 -1 -5 -3
right_child=1 6 -4 5 -6 -7 -8
leaf_value=-0.0044275130997527886 0.0024352143595773763 0.0046326593814580829 0.080175066857827437 0.0058790631012271459 0.063922734118524838 -0.026325979983076016 -0.0028354505371954949
leaf_weight=31.014563977718353 15.145164825022222 610.05655448697507 10.563975699245928 27.749306805431843 10.365053582936524 73.170787043869495 890.11064191628247
leaf_count=161 69 2828 53 134 56 350 4129
internal_value=-1.44013e-06 0.000788147 0.0350185 -0.00858373 0.0122959 -0.0173078 0.000190562
internal_weight=1668.18 1525.88 25.7091 142.3 41.3796 100.92 1500.17
internal_count=7780 7079 122 701 217 484 6957
is_linear=0
shrinkage=0.0631837


Tree=140
num_leaves=8
num_cat=0
split_feature=3 26 40 15 28 29 18
split_gain=2.8313 8.31976 11.7501 7.88274 5.24694 8.39946 7.34717
threshold=-0.038871597213554605 -0.078662004580711792 1.0000000180025095e-35 -0.86539506885976125 -1.2328458983517907 -1.4407719345043379 0.46350207552542305
decision_type=2 2 2 2 2 2 2
left_child=4 3 -3 -2 6 -6 -1
right_child=1 2 -4 -5 5 -7 -8
leaf_value=0.0081857733464762855 0.032813129146809082 0.020999959738725378 -0.011488851061441006 -0.019588018374804932 -0.034225636956924765 0.00092835879935868569 0.058206526555987681
leaf_weight=93.629606515169144 12.192034088075159 86.260185793042183 91.104689039289951 149.69176376610994 27.761847585439682 1193.254794373177 13.652412153780459
leaf_count=438 49 363 425 787 134 5519 65
internal_value=0 -0.00516108 0.00421914 -0.0155399 0.00130629 0.000115606 0.0147046
internal_weight=1667.55 339.249 177.365 161.884 1328.3 1221.02 107.282
internal_count=7780 1624 788 836 6156 5653 503
is_linear=0
shrinkage=0.0631837


Tree=141
num_leaves=8
num_cat=0
split_feature=11 19 20 41 33 1 0
split_gain=2.83464 7.56953 13.2172 10.4626 6.48623 8.21989 6.54512
threshold=0.26633993961573427 -0.36174266622074341 0.34821821534476677 0.42422094125720317 -1.3326987785129243 -1.8875040889582479 -0.36629826342395233
decision_type=2 2 2 2 2 2 2
left_child=4 3 -3 -2 5 -1 -6
right_child=1 2 -4 -5 6 -7 -8
leaf_value=-0.021905183374033771 -0.022842881113244763 0.021158959335614055 -0.001314417012006696 0.0075092825223404911 -0.010874124236632915 0.017045766335394417 0.00015039160386036779
leaf_weight=25.893924472853541 88.987622767686844 178.45386513695121 248.99169483780861 91.339133217930794 343.90616654977202 123.5441486723721 565.83480470255017
leaf_count=127 446 853 1150 445 1516 633 2610
internal_value=0 0.00343111 0.0080295 -0.0073777 -0.00198214 0.0101865 -0.00399909
internal_weight=1666.95 607.772 427.446 180.327 1059.18 149.438 909.741
internal_count=7780 2894 2003 891 4886 760 4126
is_linear=0
shrinkage=0.0631837


Tree=142
num_leaves=6
num_cat=0
split_feature=32 41 32 37 32
split_gain=2.86839 11.007 7.42647 11.7156 7.49692
threshold=0.17003029110834614 -0.85494866168077943 0.033070351253679735 -0.093553163272748444 0.02186312607695913
decision_type=2 2 2 2 2
left_child=2 -2 4 -4 -1
right_child=1 -3 3 -5 -6
leaf_value=-3.4280969630550172e-05 -0.06286941183004012 0.011431525700743664 0.048530034170785309 0 -0.034343490164158511
leaf_weight=1524.3568249400705 13.329981900751589 19.0781329870224 32.286439068615437 51.164241202175617 25.874578163027763
leaf_count=7120 53 97 145 245 120
internal_value=0 -0.0186222 0.000360588 0.0187279 -0.000617537
internal_weight=1666.09 32.4081 1633.68 83.4507 1550.23
internal_count=7780 150 7630 390 7240
is_linear=0
shrinkage=0.0631837


Tree=143
num_leaves=8
num_cat=0
split_feature=21 33 3 8 33 40 29
split_gain=2.89134 7.96177 9.73224 6.6605 8.14051 7.50797 5.63569
threshold=0.63550639317723878 0.85420433487460867 0.34076483719233724 0.22549082238348753 0.998622465003974 1.0000000180025095e-35 1.3290996061172426
decision_type=2 2 2 2 2 2 2
left_child=3 6 -3 5 -5 -1 -2
right_child=1 2 -4 4 -6 -7 -8
leaf_value=0.0044728929659131299 -0.016314212583056875 0.00021556595601817703 0.054556345196134344 0.0086917330471455636 0.054367091624763393 -0.0070418610142964581 0.014235438896380247
leaf_weight=574.26514163613319 204.50453633442521 325.57383489608765 13.741077341139315 130.35268625617027 17.982750721275806 372.78657970111817 26.75282771140337
leaf_count=2613 949 1442 55 658 81 1853 129
internal_value=0 -0.00365652 0.00246465 0.00189031 0.0143398 -4.22784e-05 -0.012709
internal_weight=1665.96 570.572 339.315 1095.39 148.335 947.052 231.257
internal_count=7780 2575 1497 5205 739 4466 1078
is_linear=0
shrinkage=0.0631837


Tree=144
num_leaves=4
num_cat=0
split_feature=15 8 21
split_gain=2.83887 3.3528 4.99778
threshold=1.6546529718768814 2.9247846225390406 1.2192329658643102
decision_type=2 2 2
left_child=1 2 -1
right_child=-2 -3 -4
leaf_value=0.00089781716219361268 -0.030902917448890076 0.027473881214162509 -0.012510847181961887
leaf_weight=1515.9511430105194 11.788566440343855 17.820817917585373 119.72112515196204
leaf_count=7123 58 78 521
internal_value=0 0.000213392 -7.35605e-05
internal_weight=1665.28 1653.49 1635.67
internal_count=7780 7722 7644
is_linear=0
shrinkage=0.0631837


Tree=145
num_leaves=8
num_cat=0
split_feature=39 3 11 29 29 34 36
split_gain=2.7971 7.07577 7.62641 6.69437 6.92291 6.15074 5.7531
threshold=0.447112703087505 -0.11430487263638996 0.42928268504928552 0.96866719580883376 0.82982226934232506 -0.040010547847785329 0.21700566795967677
decision_type=2 2 2 2 2 2 2
left_child=1 5 -3 4 -2 -1 -5
right_child=3 2 -4 6 -6 -7 -8
leaf_value=-0.0095339022102806214 0.0016148465753145051 -0.016548632825775064 0.0019563998210293406 0.025647300558850034 -0.03094479853276778 0.0053661582893412326 -0.00071714736637108214
leaf_weight=143.07713533565402 508.41296342760324 220.3847825601697 146.58667976409197 85.572913017123938 27.477597050368786 481.74481968954206 51.891121126711369
leaf_count=695 2375 1037 719 387 124 2210 233
internal_value=0 -0.00214037 -0.00911199 0.0031362 -2.3951e-05 0.00192789 0.0155754
internal_weight=1665.15 991.793 366.971 673.355 535.891 624.822 137.464
internal_count=7780 4661 1756 3119 2499 2905 620
is_linear=0
shrinkage=0.0631837


Tree=146
num_leaves=7
num_cat=0
split_feature=20 20 28 19 0 21
split_gain=2.69998 9.70317 10.6547 9.18814 14.6964 7.69864
threshold=0.87706395414253746 0.94326973890329424 -0.74516741650727392 0.85413130328155851 -0.065843473675379446 0.22473584202707739
decision_type=2 2 2 2 2 2
left_child=3 -2 -3 5 -5 -1
right_child=1 2 -4 4 -6 -7
leaf_value=0.003364350204519809 -0.045956756212472569 0.041395174994681552 -0.0066693272740190731 0.057208667718075347 0.0056493367739348516 -0.0065864599290665106
leaf_weight=782.42338766995817 22.298138335347176 20.299922585487366 194.58829505741596 28.470603860914707 102.45758417248726 513.96513872593641
leaf_count=3740 90 99 891 117 457 2386
internal_value=0 -0.00624911 -0.00205227 0.00103072 0.0169866 -0.000568055
internal_weight=1664.5 237.186 214.888 1427.32 130.928 1296.39
internal_count=7780 1080 990 6700 574 6126
is_linear=0
shrinkage=0.0631837


Tree=147
num_leaves=7
num_cat=0
split_feature=22 36 40 9 18 18
split_gain=2.75615 6.99113 17.4842 6.20081 6.14939 4.61459
threshold=-1.4298993954787294 -1.0913932495643197 0.98689397796417888 -0.42737496179487539 -1.5200165611644516 -1.2555649218160825
decision_type=2 2 2 2 2 2
left_child=3 2 -2 4 -1 -3
right_child=1 5 -4 -5 -6 -7
leaf_value=0.0040004139744773404 -0.00047544531880840883 0.040574947168089993 0.047232319659474456 0.02924557030082266 -0.024278086924292324 -0.00092465784594040719
leaf_weight=49.487255766987801 99.076799318194389 10.769573740661142 43.988436158746481 15.295372437685726 77.209836140275002 1368.4159098593518
leaf_count=228 399 47 208 79 394 6425
internal_value=0 0.000778968 0.0140784 -0.00842527 -0.0131028 -0.000588678
internal_weight=1664.24 1522.25 143.065 141.992 126.697 1379.19
internal_count=7780 7079 607 701 622 6472
is_linear=0
shrinkage=0.0631837


Tree=148
num_leaves=8
num_cat=0
split_feature=13 27 27 21 28 15 1
split_gain=2.79595 5.73824 7.67954 5.71282 4.19499 9.79652 7.5071
threshold=-0.83226265778190267 -0.086559057050823632 -0.38407735183622232 -0.07793719566251528 -0.11692444340830251 -0.26951268250080435 -1.2876281746616038
decision_type=2 2 2 2 2 2 2
left_child=1 2 -1 -3 5 -2 -6
right_child=4 3 -4 -5 6 -7 -8
leaf_value=-0.020568141060327588 0.01062952601611108 -0.012400636156509855 0.019530620696265349 -0.059397408672419251 -0.016869557468824237 -0.0067017073959005002 0.0058848154867406398
leaf_weight=31.226256363093853 169.61181114986539 63.348853144794703 48.468263830989599 12.772683311253784 62.63824712485075 555.09026012476534 720.11548444256186
leaf_count=140 743 295 221 57 279 2765 3280
internal_value=0 -0.00806288 0.0036126 -0.0205024 0.000827529 -0.00262275 0.00404293
internal_weight=1663.27 155.816 79.6945 76.1215 1507.46 724.702 782.754
internal_count=7780 713 361 352 7067 3508 3559
is_linear=0
shrinkage=0.0631837


Tree=149
num_leaves=8
num_cat=0
split_feature=3 27 15 2 3 34 2
split_gain=2.71915 6.04017 5.97803 4.44136 5.32302 4.94281 4.16006
threshold=-0.16136610258974643 -0.1620385025718577 1.0504758140158155 -1.6765627331148536 -0.16114057033168819 0.19610090782120732 -0.96202134577747656
decision_type=2 2 2 2 2 2 2
left_child=1 6 -3 5 -5 -2 -1
right_child=3 2 -4 4 -6 -7 -8
leaf_value=-0.0028439371401124272 -0.028850657934100025 0.00054397270422532236 -0.046218451816970853 0.045395535354272473 0.0013748047861045654 0.015545625262808345 -0.048216862467162301
leaf_weight=14.361877547577022 38.099467560648918 195.64196655526757 11.524501554667948 11.085410438477991 1357.6159219890833 13.051998373121021 21.113689906895161
leaf_count=69 187 917 61 54 6330 62 100
internal_value=0 -0.00618832 -0.001978 0.00104929 0.00174335 -0.0172008 -0.0303117
internal_weight=1662.49 242.642 207.166 1419.85 1368.7 51.1515 35.4756
internal_count=7780 1147 978 6633 6384 249 169
is_linear=0
shrinkage=0.0631837


end of trees

feature_importances:
month_sin=76
obv=65
msr_rank_10=49
yz_vol_zscore_10=42
ema_200_distance=36
dist_60d_high=33
yz_vol_zscore_20=31
month_cos=31
vwap_distance_lowest=29
yz_vol_10=29
msr_rank_20=28
vol_spike=27
mfi_21=26
vwap_distance_highest=25
mrs_10=25
yz_vol_20=24
dc_tmv=24
dist_20d_high=24
ema_10_distance=23
rsi_window_5=22
efi_zscore_20=22
mrs_20=20
rs_10=20
zscore_kf_20=19
zscore_kf_10=18
rs_20=18
rsi_rank_14=17
close_position=16
zscore_10_log_return=14
zscore_20_log_return=11
mrs_overext_ratio=11
dow_cos=11
yz_vol_accel=10
ema_near_far_ratio=10
rsi_window_14=9
volume_threshold_ma_10=8
efi_zscore_10=7
ema_50_distance=7
volume_threshold_ma_20=6
ema_20_distance=6
is_quarter_end=5
kf_distance=3
dow_sin=2

parameters:
[boosting: gbdt]
[objective: binary]
[metric: binary_logloss]
[tree_learner: serial]
[device_type: cpu]
[data_sample_strategy: bagging]
[data: ]
[valid: ]
[num_iterations: 150]
[learning_rate: 0.0631837]
[num_leaves: 57]
[num_threads: 14]
[seed: 42]
[deterministic: 0]
[force_col_wise: 0]
[force_row_wise: 0]
[histogram_pool_size: -1]
[max_depth: 3]
[min_data_in_leaf: 49]
[min_sum_hessian_in_leaf: 0.001]
[bagging_fraction: 0.730744]
[pos_bagging_fraction: 1]
[neg_bagging_fraction: 1]
[bagging_freq: 0]
[bagging_seed: 400]
[bagging_by_query: 0]
[feature_fraction: 0.942007]
[feature_fraction_bynode: 1]
[feature_fraction_seed: 30056]
[extra_trees: 0]
[extra_seed: 12879]
[early_stopping_round: 0]
[early_stopping_min_delta: 0]
[first_metric_only: 0]
[max_delta_step: 0]
[lambda_l1: 0.260273]
[lambda_l2: 1.20344e-05]
[linear_lambda: 0]
[min_gain_to_split: 0]
[drop_rate: 0.1]
[max_drop: 50]
[skip_drop: 0.5]
[xgboost_dart_mode: 0]
[uniform_drop: 0]
[drop_seed: 17869]
[top_rate: 0.2]
[other_rate: 0.1]
[min_data_per_group: 100]
[max_cat_threshold: 32]
[cat_l2: 10]
[cat_smooth: 10]
[max_cat_to_onehot: 4]
[top_k: 20]
[monotone_constraints: ]
[monotone_constraints_method: basic]
[monotone_penalty: 0]
[feature_contri: ]
[forcedsplits_filename: ]
[refit_decay_rate: 0.9]
[cegb_tradeoff: 1]
[cegb_penalty_split: 0]
[cegb_penalty_feature_lazy: ]
[cegb_penalty_feature_coupled: ]
[path_smooth: 0]
[interaction_constraints: ]
[verbosity: -1]
[saved_feature_importance_type: 0]
[use_quantized_grad: 0]
[num_grad_quant_bins: 4]
[quant_train_renew_leaf: 0]
[stochastic_rounding: 1]
[linear_tree: 0]
[max_bin: 255]
[max_bin_by_feature: ]
[min_data_in_bin: 3]
[bin_construct_sample_cnt: 200000]
[data_random_seed: 175]
[is_enable_sparse: 1]
[enable_bundle: 1]
[use_missing: 1]
[zero_as_missing: 0]
[feature_pre_filter: 1]
[pre_partition: 0]
[two_round: 0]
[header: 0]
[label_column: ]
[weight_column: ]
[group_column: ]
[ignore_column: ]
[categorical_feature: ]
[forcedbins_filename: ]
[precise_float_parser: 0]
[parser_config_file: ]
[objective_seed: 16083]
[num_class: 1]
[is_unbalance: 0]
[scale_pos_weight: 1]
[sigmoid: 1]
[boost_from_average: 1]
[reg_sqrt: 0]
[alpha: 0.9]
[fair_c: 1]
[poisson_max_delta_step: 0.7]
[tweedie_variance_power: 1.5]
[lambdarank_truncation_level: 30]
[lambdarank_norm: 1]
[label_gain: ]
[lambdarank_position_bias_regularization: 0]
[eval_at: ]
[multi_error_top_k: 1]
[auc_mu_weights: ]
[num_machines: 1]
[local_listen_port: 12400]
[time_out: 120]
[machine_list_filename: ]
[machines: ]
[gpu_platform_id: -1]
[gpu_device_id: -1]
[gpu_use_dp: 0]
[num_gpu: 1]

end of parameters

pandas_categorical:[]
